"","source","ligand","target","receptor","aggregate_rank","mean_rank","median_rank","natmi.edge_specificity","natmi.rank","sca.LRscore","sca.rank","logfc.logfc_comb","logfc.rank","connectome.weight_sc","connectome.rank"
"1","NK","GZMB","CD8 T","PGRMC1",1.98222079058857e-05,40.5,6,0.538578458884076,5,0.839270379319355,149,1.04995703473099,1,0.772525220288985,7
"2","NK","HLA-C","CD8 T","CD3D",2.95544161618991e-05,30.25,7.5,0.261945191637333,104,0.939107106971255,7,0.66156823653503,8,0.885879203579005,2
"3","NK","SPON2","NK","ITGB2",4.20314022618256e-05,12.5,5.5,0.514403236506091,9,0.904614214405542,38,1.04285545676052,2,0.900084724857877,1
"4","NK","HLA-A","CD8 T","CD3D",5.75890199922972e-05,35.75,9.5,0.254852199298448,115,0.936385850997694,9,0.63715258780292,10,0.730926977119623,9
"5","B","LY86","B","CD180",7.65615097510592e-05,106,8.5,0.819015844263507,1,0.73049658509828,406,0.6657599041987,6,0.668157891318985,11
"6","NK","HLA-B","CD8 T","CD3D",7.65615097510592e-05,31,9,0.263345976514844,103,0.93387384894085,11,0.662418217258117,7,0.848136165851033,3
"7","NK","B2M","CD8 T","CD3D",7.65615097510592e-05,33.5,7.5,0.251281547622748,118,0.947149167275582,1,0.624304460627068,11,0.840203945689889,4
"8","NK","SPON2","NK","ITGAM",9.92814985469697e-05,95.25,9,0.535205222597953,6,0.755728589916124,359,0.736213898011081,4,0.637597727244304,12
"9","CD8 T","HLA-A","CD8 T","CD3D",0.000193228528412871,40,13.5,0.245757156680507,123,0.935294894635943,10,0.600848095398626,12,0.595508416749113,15
"10","CD8 T","B2M","CD8 T","CD3D",0.000234232515668219,40.25,14.5,0.242166959851424,130,0.94621676212283,2,0.589448299000946,13,0.595361563328581,16
"11","B","LTB","B","CD40",0.000280622936171702,25.5,13.5,0.422737522510463,17,0.877475432343291,66,0.639106078450843,9,0.696390550076107,10
"12","NK","B2M","NK","KLRD1",0.000690052634011414,34,19,0.27731598993798,92,0.930473203492175,15,0.523541308652704,23,0.779499734766389,6
"13","NK","HLA-B","NK","KLRD1",0.00082944,31.75,22,0.290630374033827,78,0.91339216015765,26,0.561655065283753,18,0.787431954927532,5
"14","NK","HLA-E","NK","KLRD1",0.00111563905465495,39.25,27.5,0.283584242847116,84,0.906359991353046,34,0.538497607126738,21,0.58138421602199,18
"15","CD8 T","HLA-C","CD8 T","CD3D",0.00123763133223627,46,22,0.238961385196921,132,0.936427815108642,8,0.580275788206733,16,0.496863030187094,28
"16","CD8 T","B2M","NK","KLRD1",0.00183861510731417,42.5,27,0.2672570701542,100,0.929268567984557,16,0.488685147026582,32,0.534657352405081,22
"17","CD8 T","LTB","B","CD40",0.0019032309737054,64.75,59.5,0.316839491597607,54,0.861112309754645,96,0.371009722687711,65,0.442797191728267,44
"18","CD8 T","HLA-E","NK","KLRD1",0.00206685908196492,50.25,36.5,0.270253725867086,98,0.90429670911678,40,0.49191498415111,30,0.476999109544106,33
"19","NK","CD58","CD8 T","CD2",0.00239707293162004,118.75,32,0.449131626493074,14,0.734328074122931,397,0.495308003057037,29,0.468924033759146,35
"20","CD8 T","HLA-B","CD8 T","CD3D",0.00260532618885893,50.25,26.5,0.237159545394925,134,0.930565543923198,14,0.570761614292661,17,0.467696752673906,36
"21","CD8 T","HLA-B","NK","KLRD1",0.00272372816077868,60.75,53.5,0.261730854201732,105,0.909158828465633,31,0.469998462318297,40,0.406992541750406,67
"22","NK","TGFB1","CD8 T","CXCR4",0.00282898096845348,60.75,55.5,0.261609485023169,106,0.873049626345488,74,0.477303961135548,37,0.501634017507399,26
"23","NK","HLA-E","NK","KLRC1",0.00293725516053359,76,68,0.259046569971877,107,0.875315643702142,69,0.362945465925533,67,0.413410535667085,61
"24","NK","SPON2","CD8 T","ITGB2",0.00316309733692798,68.75,73,0.257377033753474,109,0.870269792434066,83,0.55399059715149,20,0.411584029054341,63
"25","NK","B2M","NK","CD247",0.00357611877455271,58.5,24.5,0.208315269994248,182,0.943998143027872,3,0.468309645213578,41,0.756782929317015,8
"26","NK","B2M","NK","KLRC1",0.00405731308567627,60.25,55.5,0.25332068972012,116,0.906599269590894,33,0.347989167451499,78,0.611526054411484,14
"27","CD8 T","B2M","NK","CD247",0.00471096361051783,66.25,34,0.200759172738272,192,0.943013491571967,5,0.433453483587455,44,0.511940546955707,24
"28","NK","LGALS1","NK","PTPRC",0.0053699236189209,62.25,42.5,0.227447649770095,142,0.893389214211178,46,0.529519028251136,22,0.460244800139826,39
"29","CD8 T","B2M","NK","KLRC1",0.00547074682259025,85,89,0.244132137346936,125,0.905023211635154,37,0.313133005825376,92,0.366683672050176,86
"30","CD8 T","HLA-E","NK","KLRC1",0.00601514974405658,104.25,106.5,0.246869501651864,122,0.872664425435823,76,0.316362842949905,91,0.309025429189201,128
"31","NK","LGALS1","CD8 T","PTPRC",0.00608637405132873,64.25,44,0.22585220335087,145,0.893053521760135,48,0.521424873959236,24,0.455080075259001,40
"32","B","LTB","NK","TNFRSF1A",0.0068625048142572,75,48,0.324997200055308,50,0.831916761515171,172,0.424804315261379,46,0.48089548121809,32
"33","CD8 T","CD48","CD8 T","CD2",0.0070115353608067,66.25,48,0.238069460219546,133,0.888652466272176,51,0.481482527556933,36,0.437835564906849,45
"34","CD8 T","CCL5","CD8 T","CXCR3",0.00722479881796856,74,74,0.255185626971099,114,0.845122616256563,134,0.584444182100853,14,0.472833959707924,34
"35","NK","CALM1","NK","SELL",0.00770047999999999,76.75,38.5,0.190153368189064,207,0.913637066871309,23,0.401333741177198,52,0.506333153844234,25
"36","NK","SPON2","B","ITGAM",0.00814332847169217,130.75,38,0.31755010504462,53,0.704411628498931,442,0.6862948372854,5,0.52425912774422,23
"37","NK","TGFB1","NK","TGFBR1",0.00860243788662861,139.5,51,0.488097893071809,11,0.701381217092248,445,0.392496337061678,54,0.431786553897436,48
"38","NK","CLEC2B","NK","KLRF1",0.00860243788662861,142.5,51.5,0.482076550716259,12,0.694413559799148,455,0.408812508618228,49,0.420819893544858,54
"39","NK","B2M","NK","KIR2DL3",0.00860832603900424,74,68,0.352357297425884,35,0.860195277989039,101,0.208379406330323,140,0.576047897070955,20
"40","NK","LGALS1","B","CD69",0.00957049093799236,70.75,53.5,0.223579629885901,148,0.882365383335376,56,0.502402362557603,28,0.425542004449743,51
"41","NK","HLA-C","NK","KIR2DL3",0.00990554952557684,75.75,72.5,0.367310296646233,30,0.841141063949268,145,0.245643182238285,115,0.621723154960071,13
"42","NK","ALOX5AP","B","ALOX5",0.0100799562368265,116.25,51.5,0.405029351492538,21,0.764366297326901,341,0.389646644395857,57,0.436856869365708,46
"43","NK","LGALS1","NK","CD69",0.0100799562368265,70.75,54.5,0.223575868570286,149,0.882364510230926,57,0.508083562296807,25,0.425532703312634,52
"44","B","CD22","NK","PTPRC",0.0111510564363993,98,58.5,0.321186268387298,51,0.811708231942068,224,0.385563418625858,58,0.415565350478499,59
"45","NK","GSTP1","B","TRAF2",0.0122934200231084,135.75,52,0.406220381847519,20,0.719650939670644,419,0.377640297235602,61,0.445591457090925,43
"46","CD8 T","VIM","CD8 T","CD44",0.0135090691110255,86.25,60.5,0.212781351763645,171,0.886154361059951,53,0.37427473087788,63,0.417077731926311,58
"47","B","ICAM3","NK","ITGB2",0.0135090691110255,92,59.5,0.196143614245927,202,0.87937208274816,63,0.424066843754057,47,0.418971547623959,56
"48","NK","TGFB1","NK","TGFBR3",0.014145000570008,153.75,62,0.446660614743688,15,0.678493252383585,476,0.37113731659244,64,0.414206335721909,60
"49","NK","HLA-A","NK","KIR2DL3",0.0146854241798256,90.5,84.5,0.357364211727398,33,0.834811872812005,160,0.221227533506175,132,0.46677092850069,37
"50","B","CD22","CD8 T","PTPRC",0.0148,101.25,63.5,0.318933286295284,52,0.811169706779846,226,0.377469264333959,62,0.410400625597674,65
"51","CD8 T","TIMP1","NK","CD63",0.0148,73,43,0.299923637305471,65,0.826002920276668,191,0.582448207929877,15,0.540538752471835,21
"52","CD8 T","PKM","CD8 T","CD44",0.0162099605139876,134.25,140,0.216653597225175,164,0.836548881071894,156,0.311508351686875,93,0.318360435081136,124
"53","CD8 T","B2M","NK","KIR2DL3",0.0166089562690382,106.25,109.5,0.339576448435427,41,0.857958872737703,109,0.173523244704201,165,0.331205514709647,110
"54","B","CD48","CD8 T","CD2",0.01827904,93.75,79,0.213038506350971,169,0.883036561648679,55,0.417937720542712,48,0.339938542077241,103
"55","CD8 T","HLA-A","NK","KIR2DL3",0.0187155351703372,118.5,132,0.344610769753051,40,0.832290952620805,170,0.184923041101881,155,0.331352368130179,109
"56","NK","PRSS23","CD8 T","TMEM222",0.0191440592584293,160.25,62,0.433230479102069,16,0.647418134755169,501,0.394772641974404,53,0.386915156995862,71
"57","NK","GZMB","NK","PGRMC1",0.0197160416063863,122.25,82.5,0.224699161781686,146,0.771310172573979,321,0.881909992733461,3,0.578237140042626,19
"58","CD8 T","HLA-C","NK","KIR2DL3",0.022495029860299,138.5,166,0.335081460113987,44,0.834909028445157,159,0.164350733909988,178,0.23270698156816,173
"59","NK","HLA-B","NK","KIR2DL3",0.0235232099716397,85,71.5,0.369274534682747,29,0.829021286146521,180,0.246493162961372,114,0.583980117232099,17
"60","B","RPS27A","NK","TGFBR1",0.0240503202773012,119,116,0.301374252939434,63,0.828996091572806,181,0.180393407397276,157,0.379332116576083,75
"61","NK","TGFB1","CD8 T","TGFBR2",0.0242350433556248,161.75,75,0.355210329091986,34,0.69010980041239,463,0.353785564992995,73,0.376096864063747,77
"62","NK","SELPLG","NK","ITGB2",0.02458624,87.25,68,0.264036095336041,102,0.828854585140838,182,0.485172705561549,34,0.48397782323493,31
"63","B","GNAS","NK","PTGDR",0.02515968,108.75,62.5,0.331553029515524,47,0.796374226129483,268,0.454616385197105,42,0.375338114119702,78
"64","CD8 T","RPS27A","NK","TGFBR1",0.026819973328665,147,163.5,0.293304718061544,75,0.827063733077935,186,0.147862482142087,185,0.288678260959644,142
"65","B","ICAM2","NK","ITGB2",0.026819973328665,105.25,95,0.20675953268113,186,0.845052684616485,135,0.430720247982398,45,0.420819792907098,55
"66","CD8 T","CD59","CD8 T","CD2",0.0270762508315535,128,75,0.287762283332399,80,0.771023167826413,323,0.470086156231252,39,0.38919377280865,70
"67","B","LGALS9","NK","HAVCR2",0.0290840297636637,164.5,72,0.594277405031093,2,0.634976075689551,512,0.339449939299333,82,0.41160517650842,62
"68","CD8 T","ST6GAL1","B","CD22",0.0290840297636637,182.75,81.5,0.390455872521848,24,0.595441406163019,544,0.339713120501922,81,0.369273591270936,82
"69","CD8 T","CCL5","NK","CXCR3",0.0317404795854487,117.75,125,0.198496835024107,194,0.827960159623293,184,0.505395565390977,27,0.407561944827027,66
"70","CD8 T","IL23A","NK","IL12RB1",0.0322705367459122,172,80.5,0.53006718486953,7,0.626005115340359,520,0.348333466855512,76,0.366897809917373,85
"71","NK","ANXA1","B","FPR1",0.0333801903742866,164.25,82.5,0.327684229464865,48,0.704130234247882,444,0.326909081519469,86,0.373866701465431,79
"72","NK","LGALS1","CD8 T","ITGB1",0.0333801903742866,131.5,68,0.283138478876722,86,0.759546480565851,352,0.474048969230017,38,0.428418524844718,50
"73","B","RPS27A","CD8 T","TGFBR2",0.0351413847078184,167.25,176,0.219323314208034,156,0.821314368507827,199,0.141682635328592,196,0.323642426742395,118
"74","B","B2M","CD8 T","CD3D",0.03638272,151.75,90.5,0.219695648921804,155,0.943684267330643,4,0.507866581749927,26,-0.00827838625860799,422
"75","CD8 T","ICAM3","NK","ITGB2",0.036854567882077,119.75,82,0.173578761874593,245,0.872738232486608,75,0.35833965401723,70,0.356915117027703,89
"76","CD8 T","HLA-B","NK","KIR2DL3",0.0388085337292112,157,189,0.332554846405054,46,0.821470031756556,198,0.154836559995916,180,0.203540704054973,204
"77","NK","CD47","CD8 T","SIRPG",0.0418341116235426,145.25,86.5,0.404952941044915,22,0.738164537073488,386,0.340019410455605,80,0.353960745611597,93
"78","NK","ICAM3","NK","ITGB2",0.0431423260978257,124,86,0.172337822114863,249,0.872339259237613,78,0.351338913934379,75,0.353502362944202,94
"79","NK","TIMP1","NK","CD63",0.0449784597009908,94.75,70.5,0.255828541320684,112,0.814277799451835,219,0.559936535060113,19,0.49276526611925,29
"80","CD8 T","CD48","NK","CD244",0.0458361459500718,111.75,84,0.348394514447537,36,0.804342387242528,243,0.309093122805388,96,0.386671210315087,72
"81","NK","GNAS","NK","PTGDR",0.0458361459500718,121,76,0.313569230464658,56,0.791815143541941,281,0.402764470169221,51,0.351235726743835,96
"82","NK","CALM3","NK","SELL",0.0461237891894542,132.5,115,0.186654884425452,213,0.857098409148467,110,0.325756923565553,87,0.321904375837894,120
"83","B","UBA52","NK","TGFBR1",0.047880690452015,117,100,0.311616888054368,58,0.815383978747101,215,0.206124203738473,142,0.420967121660863,53
"84","NK","TGFB1","CD8 T","SMAD3",0.0486344596225622,177.5,91.5,0.339357881868576,42,0.660899642017514,485,0.331221617314935,85,0.348271970988996,98
"85","NK","UBB","NK","TGFBR1",0.0500732853219425,103.75,69,0.34481680090849,39,0.802908395967607,247,0.297282645165241,99,0.489834390925066,30
"86","B","VIM","CD8 T","CD44",0.0506095573908477,134.25,127.5,0.183833301889224,218,0.878567031971259,64,0.263274559243075,106,0.28284780358617,149
"87","B","HLA-B","CD8 T","CD3D",0.05118010967123,125.75,101.5,0.212638634486206,172,0.926955710134876,17,0.491786710184734,31,0.111454204234921,283
"88","CD8 T","CALM2","NK","SELL",0.0515388116662582,120,98.5,0.178952105509807,231,0.886318325338536,52,0.30851909852539,97,0.343008477014532,100
"89","NK","FASLG","NK","TNFRSF1A",0.0530312276909072,180.25,88.5,0.594166034611925,3,0.600316613642813,541,0.284760059943077,101,0.376389596793542,76
"90","B","RPS27A","NK","ADRB2",0.05345344,197,210.5,0.183360468533522,220,0.820438494907116,201,0.122100010611536,221,0.285852636646398,146
"91","NK","SELPLG","NK","SELL",0.0544275095353804,136.5,120.5,0.226134270722469,144,0.812298223517382,222,0.336926057868728,83,0.35047570817369,97
"92","B","HLA-E","NK","KLRD1",0.0554148314918945,115,97,0.233192673091398,139,0.897721163328375,43,0.391859146246045,55,0.186791164423264,223
"93","CD8 T","UBA52","NK","TGFBR1",0.0574297118448233,158,167,0.295532881580065,73,0.811361900414795,225,0.14968298500559,184,0.282042694008409,150
"94","B","HLA-A","CD8 T","CD3D",0.0577526078330591,131.5,103.5,0.21253480041702,174,0.930758709296942,13,0.485658701789962,33,0.100851728891124,306
"95","CD8 T","LTB","NK","TNFRSF1A",0.0605544345029936,177.75,178.5,0.243583647424203,126,0.810781318841324,228,0.156707959498247,179,0.227302122870249,178
"96","NK","HLA-A","NK","KIR3DL2",0.0627072721543364,132,124.5,0.293904241066393,74,0.809330126596413,230,0.166302862623235,175,0.429457046914101,49
"97","NK","ADA","CD8 T","DPP4",0.0642465910745422,189.75,106,0.525427126296347,8,0.604956229108661,539,0.276929276530444,104,0.332369409436642,108
"98","B","HLA-C","CD8 T","CD3D",0.0646907741325584,149.75,105,0.212237579561721,175,0.932805077779744,12,0.482708607108182,35,0.0445448889937657,377
"99","CD8 T","RPS27A","CD8 T","TGFBR2",0.0660435255572284,194.75,189,0.213450758353398,168,0.81931412550206,206,0.109151710073403,233,0.232988571125955,172
"100","NK","ICAM2","NK","ITGB2",0.0660435255572284,132.75,119.5,0.177886366427953,233,0.834947889988324,158,0.382858586592242,59,0.371698839514495,81
"101","NK","CALM1","B","KCNN4",0.0694747545702181,142,76.5,0.409593842995148,19,0.735128239199929,396,0.250694661665161,111,0.446598508681551,42
"102","NK","HLA-B","CD8 T","CD3G",0.0695111664941704,140,143,0.17747277361798,236,0.85523426907454,112,0.167129437006489,174,0.462160866063416,38
"103","B","UBA52","CD8 T","TGFBR2",0.0706968313098281,159.25,156.5,0.226777330792796,143,0.807232967985648,237,0.16741343166979,170,0.365277431827175,87
"104","NK","CCL5","CD8 T","CXCR3",0.0706968313098281,203.75,219.5,0.177281438117998,237,0.819759899296032,205,0.213890057660133,139,0.168338446408658,234
"105","NK","SPON2","B","ITGB2",0.0718975999103673,149.5,146,0.17719779192001,238,0.84770439176794,131,0.362641030342193,68,0.259196393065549,161
"106","B","CALM2","NK","SELL",0.0731042216617065,127,105.5,0.175763776837393,243,0.885409496486198,54,0.302285103417085,98,0.329828696994717,113
"107","CD8 T","HLA-A","NK","KIR3DL2",0.0731136000224082,167.25,172.5,0.283415527979157,85,0.806510463773468,239,0.129998370218941,206,0.29403848654359,139
"108","B","UBA52","NK","ADRB2",0.0743449599103673,187.75,197,0.189592236361644,208,0.806304349041647,240,0.147830806952733,186,0.327487641731178,117
"109","NK","TGFB1","CD8 T","ITGB1",0.0749626716599559,193.75,104.5,0.278553305299419,89,0.678156890170688,477,0.310591732368413,95,0.32972010146281,114
"110","NK","HLA-C","CD8 T","CD3G",0.0755918083764574,132.75,131.5,0.176528763837599,241,0.865796739103967,87,0.166279456283402,176,0.499903903791389,27
"111","CD8 T","UBA52","CD8 T","TGFBR2",0.0820629251020623,205.5,205,0.215072291058044,166,0.803076197539114,246,0.110972212936907,231,0.226353004174721,179
"112","B","ST6GAL1","B","CD22",0.0846986956927279,215.75,112,0.29983931219315,66,0.563276973821917,573,0.27643817728674,105,0.322149638844666,119
"113","NK","UBB","CD8 T","TGFBR2",0.0846986956927279,137,113.5,0.25093836926096,119,0.794345498344444,274,0.258571873096557,108,0.434144701091377,47
"114","NK","TGFB1","B","CXCR4",0.0847643601498547,189,189.5,0.172728510903183,248,0.848209997494305,129,0.178446623893596,159,0.189475157821572,220
"115","NK","HLA-A","CD8 T","CD3G",0.0875319491614439,160.75,147,0.171748690717469,250,0.860286705786499,99,0.141863807551292,195,0.344951677332007,99
"116","NK","GNAI2","NK","S1PR5",0.0888032090080879,164,104,0.280657780611663,87,0.753174966690416,364,0.33331955969198,84,0.32101274826654,121
"117","NK","CALR","B","HLA-F",0.0889408858457337,178,163.5,0.170061766939018,251,0.835065436818381,157,0.220453706315873,134,0.23728139251299,170
"118","B","RPS27A","CD8 T","SMAD3",0.0918097171611638,197.5,201.5,0.209535278842526,178,0.800903550795021,253,0.119118687650532,225,0.295817533667643,134
"119","NK","B2M","CD8 T","CD3G",0.0918097171611638,140,133,0.16934237540217,253,0.882307433635473,58,0.12901568037544,208,0.454228645902272,41
"120","NK","CD48","CD8 T","CD2",0.0947473967998319,169,170,0.169286356251329,255,0.870632705910604,81,0.262222890733974,107,0.168822201100462,233
"121","B","EBI3","CD8 T","IL27RA",0.0951890092811876,208,113,0.557014845288908,4,0.529098227789654,602,0.230591112919207,124,0.340885326553808,102
"122","NK","IFNG","CD8 T","IFNGR1",0.0996006688169181,183.5,107.5,0.358564665699609,32,0.658411033723416,487,0.320906725575617,89,0.311771823552276,126
"123","CD8 T","UBA52","NK","ADRB2",0.1024,239.25,237.5,0.179806493438153,227,0.802132462495592,248,0.0913895882198504,260,0.188563214078724,222
"124","CD8 T","UBC","NK","TGFBR1",0.105587311054935,162.5,162,0.300121195046933,64,0.798773079108408,262,0.167155589293923,173,0.27634936857693,151
"125","B","B2M","NK","KLRD1",0.106452805030636,168.75,89.5,0.24245758171342,129,0.926000443823931,19,0.407103429775563,50,-0.0689825971821081,477
"126","CD8 T","RPS27A","NK","ADRB2",0.110507069080214,230.5,223.5,0.178450846422058,232,0.818430614738802,210,0.0895690853563472,265,0.195198781029958,215
"127","NK","IFNG","B","IFNGR2",0.111179005485802,194.5,110.5,0.372285272724069,28,0.61921743087233,529,0.319960942296478,90,0.304167623648806,131
"128","NK","UBB","CD8 T","SMAD3",0.111179005485802,159.5,125.5,0.23973940647965,131,0.771710362460708,319,0.236007925418497,120,0.406319808016626,68
"129","CD8 T","RPS27A","CD8 T","SMAD3",0.113881088667764,229.5,231.5,0.203924805405341,188,0.798730816387379,263,0.0865877623953436,267,0.205163678051203,200
"130","CD8 T","HLA-A","CD8 T","CD3G",0.115596781087497,203,218.5,0.165619406112703,268,0.858088466874375,107,0.105559315146998,242,0.209533116961497,195
"131","B","CD52","B","SIGLEC10",0.116033002474703,135.75,98.5,0.310774217780205,60,0.789661057142393,286,0.221197632093108,133,0.410838357755208,64
"132","CD8 T","FYN","NK","SPN",0.116033002474703,160.75,99.5,0.302840696932406,62,0.742257486927241,382,0.370993803312313,66,0.297803392229664,133
"133","B","CD48","NK","CD244",0.119086250481426,146,128.5,0.311763831069842,57,0.795453002337013,270,0.245548315791167,116,0.288774187485478,141
"134","B","HLA-B","NK","KLRD1",0.121015888799412,149.75,95.5,0.234669413570041,135,0.904550232874158,39,0.39102355821037,56,0.0507499933114206,369
"135","NK","CALR","CD8 T","HLA-F",0.122654131292322,191.25,175,0.164258419203438,272,0.832660440349438,168,0.20553429697148,143,0.222597658277949,182
"136","CD8 T","ANXA1","B","FPR1",0.126128731447778,191.5,120,0.297852563997266,69,0.694091560885899,457,0.277672866685003,103,0.29459231559229,137
"137","NK","LGALS1","B","ITGB1",0.128734212768461,159.25,105.5,0.233508189317853,138,0.741510689706072,383,0.447766052331947,43,0.38659820504009,73
"138","CD8 T","SELPLG","NK","ITGB2",0.131924555941319,172,175.5,0.166638027335949,263,0.793704271880148,277,0.378756322013347,60,0.358341167560407,88
"139","NK","UBB","NK","ADRB2",0.133839944674206,160.25,147,0.209791545084367,176,0.793370687959037,278,0.238989248379501,118,0.39635491099538,69
"140","CD8 T","B2M","CD8 T","CD3G",0.133839944674206,197.25,225.5,0.163199919027598,278,0.880375557833218,60,0.0941595187493181,255,0.209386263540965,196
"141","NK","UBC","NK","TGFBR1",0.135776114976366,215.25,244.5,0.277265895195431,93,0.792331854044304,279,0.109127849352204,234,0.140659811563164,255
"142","NK","CALM1","CD8 T","FAS",0.136748424595777,183,138,0.229311858548421,141,0.755364194603718,361,0.218212516982577,135,0.352074997424147,95
"143","NK","TGFB1","B","ITGB1",0.14225728,218.5,141.5,0.229726733741798,140,0.656774934630136,489,0.284308815470342,102,0.287899781658183,143
"144","B","UBC","NK","TGFBR1",0.143731615470047,228.25,266.5,0.272625769476982,97,0.79093994777469,283,0.0999546051078249,251,0.11311186393984,282
"145","B","B2M","NK","CD247",0.145659892670425,198.75,148.5,0.18213019958957,223,0.94033967438514,6,0.351871766336437,74,-0.0916994026314821,492
"146","CD8 T","UBC","CD8 T","TGFBR2",0.147837974860824,210.75,198.5,0.218411408804048,161,0.790077491001429,285,0.128444817225239,211,0.220659678743242,186
"147","CD8 T","HLA-C","CD8 T","CD3G",0.147837974860824,233.75,276,0.161039634551249,284,0.860371384390517,98,0.0849870079551052,268,0.110887730399478,285
"148","CD8 T","UBC","NK","ADRB2",0.154161708870138,242.5,230,0.182598089929419,222,0.789087821640256,288,0.108862192508183,235,0.182869888647245,225
"149","NK","FASLG","CD8 T","FAS",0.156617564976016,227.25,142,0.492324740890841,10,0.504113245451463,615,0.199376947830503,148,0.294989059325947,136
"150","NK","CALM1","B","SELL",0.156617564976016,169.75,147.5,0.141013461540564,343,0.901089309316177,41,0.200803381296541,147,0.283680954300205,148
"151","NK","SELPLG","B","SELL",0.162906334002311,255,264,0.167696089694405,260,0.788436276394561,292,0.136395697988071,200,0.127823508629661,268
"152","CD8 T","UBB","NK","TGFBR1",0.167415585639158,200.25,212,0.284178721191586,83,0.787156017695505,294,0.139883337320233,197,0.180990933806537,227
"153","CD8 T","ICAM2","NK","ITGB2",0.167415585639158,169.25,147.5,0.1574142991263,294,0.8263499355768,189,0.324285583998445,88,0.336870395174272,106
"154","CD8 T","ALOX5AP","B","ALOX5",0.168718268452785,187.25,135.5,0.289343433572699,79,0.732745299679581,399,0.236085523539083,119,0.272429634514813,152
"155","B","B2M","NK","KLRC1",0.171829420135149,220.25,138,0.221478472414273,153,0.900754480391105,42,0.231551288574357,123,-0.236956277537013,563
"156","B","UBA52","CD8 T","SMAD3",0.174354179329855,189,177,0.216656635043187,163,0.785633487708346,297,0.14484948399173,191,0.337452538752423,105
"157","B","RPS27A","B","RIPK1",0.17671427002696,259.5,287,0.15831469235186,290,0.790742472422322,284,0.0680374107267101,298,0.246038053737789,166
"158","NK","FYN","NK","SPN",0.18137088,181,123.5,0.277448768917801,91,0.733792423127184,398,0.342726607474835,79,0.265258551337892,156
"159","CD8 T","CD52","B","SIGLEC10",0.18150624978117,173.75,159,0.291419836839319,77,0.784271184006367,300,0.142555988523986,193,0.317511198004611,125
"160","CD8 T","CALM1","NK","SELL",0.186395033585659,157.5,146.5,0.155107645551748,302,0.905254266625561,35,0.23014676148924,126,0.245624922553128,167
"161","NK","GNAI2","NK","ADCY7",0.19458187038269,208,141,0.293131618022949,76,0.67995573760035,474,0.231637553760858,122,0.259727752210097,160
"162","CD8 T","UBA52","CD8 T","SMAD3",0.196468202004132,242.25,238,0.205473971797646,187,0.781137234003647,306,0.0884082652588469,266,0.198528111099969,210
"163","NK","CALR","NK","HLA-F",0.199049030518539,217.75,200.5,0.153291488137672,307,0.827790886841443,185,0.176036440916443,163,0.194848933148759,216
"164","NK","CALM1","CD8 T","PTPRA",0.201655202459298,211.25,202.5,0.166240028009272,264,0.779504876667199,308,0.207468042735638,141,0.301233243641596,132
"165","B","SEMA4D","B","CD72",0.204860208917055,226.25,150,0.310855242580462,59,0.593146061972944,546,0.216000822371307,137,0.25256855582716,163
"166","CD8 T","UBB","CD8 T","TGFBR2",0.206944238647106,253.75,260,0.206809368588182,185,0.778097882499941,310,0.101172565251549,249,0.125301243972848,271
"167","B","ADAM28","CD8 T","ITGA4",0.208357297338329,226.5,151,0.468675147148198,13,0.541665658504605,591,0.17360916282275,164,0.294355705156831,138
"168","CD8 T","HSP90B1","B","TLR7",0.211890017856518,208.75,159,0.378295581319154,27,0.656463969293977,490,0.186766792346763,153,0.246200268389528,165
"169","NK","CD48","NK","CD244",0.215072020413851,243.5,270,0.247736260813902,121,0.776115904490138,313,0.0898334859824286,262,0.1176578465087,278
"170","B","UBA52","B","RIPK1",0.217833744555163,248,267,0.163695243647392,277,0.774912109660261,314,0.0937682070679078,257,0.287673058822569,144
"171","NK","FASLG","B","FAS",0.219062690230734,246.5,165.5,0.387059273087177,26,0.474066543608995,629,0.169108288375762,167,0.248114118712337,164
"172","CD8 T","SEMA4D","B","CD72",0.222702805576836,233.25,156,0.297626792107285,70,0.587888393974214,551,0.204809410209733,144,0.243599445934631,168
"173","B","LTB","CD8 T","TNFRSF1A",0.223436898954518,209.25,213.5,0.156008656334514,298,0.774224463148971,316,0.310670290429136,94,0.30632260061694,129
"174","B","GNAS","NK","ADCY7",0.22637888,209.25,148,0.266307418523642,101,0.706696412453363,440,0.229000357073875,127,0.237917638353029,169
"175","B","HLA-E","NK","KLRC1",0.230090991211792,198.25,153,0.213015227857588,170,0.864241780730991,91,0.216307005044839,136,0.0188174840683591,396
"176","CD8 T","UBB","NK","ADRB2",0.232043440966353,287.25,291.5,0.172898457504988,247,0.777067671781381,311,0.0815899405344929,272,0.0875114538768512,319
"177","NK","IFNG","NK","IFNGR2",0.233839215310388,236,141.5,0.268570580793514,99,0.580044143706327,562,0.250691788872841,112,0.233482736160042,171
"178","B","UBA52","NK","NOTCH1",0.240896256708098,211,203.5,0.20860904295965,181,0.771171914693344,322,0.117538227972763,226,0.328606292790317,115
"179","NK","SEMA4D","B","CD72",0.245301301707923,242,159.5,0.280023029774574,88,0.580483540124322,561,0.201554504182355,145,0.231663801680286,174
"180","NK","CD160","NK","TNFRSF14",0.249194706067715,209.75,151,0.243126141265205,127,0.718549891247097,420,0.239343613281013,117,0.231632524511154,175
"181","NK","UBC","CD8 T","TGFBR2",0.25,278,298,0.201778600719884,191,0.783433387935893,302,0.0704170772835207,294,0.0849701217294754,325
"182","B","PKM","CD8 T","CD44",0.253091153413396,254,248,0.14447649502358,326,0.806929284621353,238,0.142116471051855,194,0.137792264416209,258
"183","NK","ARPC5","NK","ADRB2",0.253124579604356,216.25,174.5,0.212601191180532,173,0.737888038926291,387,0.226312942854764,129,0.22933668064283,176
"184","NK","UBB","CD8 T","ADRB2",0.262536781339589,218,219.5,0.158557297149347,288,0.769477803437343,329,0.188758091023133,151,0.339173405006366,104
"185","NK","HSPA8","NK","ADRB2",0.265743300304611,228.25,200.5,0.194641358690834,203,0.768619695405833,330,0.150624859032223,182,0.209089087149716,198
"186","NK","B2M","B","HLA-F",0.26586082959,197.5,190.5,0.122889807104327,387,0.91497013129231,22,0.0634871339056481,307,0.383480302636359,74
"187","CD8 T","HLA-B","CD8 T","CD3G",0.268979102322748,258,287,0.159825347887342,287,0.848629325171,127,0.075472834041033,287,0.0817214528862902,331
"188","B","ADAM28","B","ITGA4",0.27332325309618,240,169.5,0.416234049144776,18,0.526903726706976,603,0.152881511757617,181,0.26300804002995,158
"189","B","UBA52","CD8 T","ADRB2",0.275539267022863,260,277,0.143290963160185,333,0.783498890279148,301,0.0975996495963656,253,0.270306135742163,153
"190","CD8 T","UBC","CD8 T","SMAD3",0.278863986801583,243.25,229.5,0.208664070262661,180,0.767110325980953,334,0.105880869547179,241,0.19283478566849,218
"191","B","GNAI2","NK","S1PR5",0.2816602071244,222,180,0.209741453108333,177,0.725117027760787,415,0.249096305091406,113,0.222565673622431,183
"192","CD8 T","UBA52","NK","NOTCH1",0.285603597991667,266.25,265.5,0.197841753617566,198,0.766462501825489,336,0.06109700923988,312,0.189681865137863,219
"193","NK","HLA-B","NK","CANX",0.285603597991667,176.25,156,0.143069543844195,336,0.861250388713031,95,0.124821507436602,217,0.417472999796308,57
"194","NK","SELPLG","NK","ITGAM",0.285884089593502,243,171,0.274713468247292,96,0.612386406125937,534,0.178531146812112,158,0.221490825621357,184
"195","B","CD22","B","PTPRC",0.28901884972655,284.75,293,0.184108763026257,216,0.765469004186124,337,0.0793852618183883,281,0.101329562697943,305
"196","CD8 T","NUCB2","NK","ERAP1",0.290144980918035,251.75,177,0.394885426602071,23,0.473262556061005,630,0.168816161276674,169,0.221404246132656,185
"197","CD8 T","SELPLG","NK","SELL",0.29246464,239.5,247.5,0.142717489963964,338,0.77467193188277,315,0.230509674320526,125,0.224839052499166,180
"198","NK","HLA-A","B","APLP2",0.295941150318266,221.5,206,0.141796036581572,339,0.832301474769127,169,0.104913833085776,243,0.295128063436788,135
"199","NK","CD86","CD8 T","CD28",0.30315021893071,259.5,188,0.367034873899134,31,0.471558155047723,631,0.147130400396727,188,0.2202446099323,188
"200","CD8 T","CALM3","NK","SELL",0.306556824671405,209.5,173.5,0.141087814573072,342,0.839087882368776,150,0.199140435216884,149,0.209157672767179,197
"201","CD8 T","HSPA8","NK","ADRB2",0.313790892946326,262.75,243,0.183195047277125,221,0.763186582274868,344,0.108044969430877,236,0.144354247059627,250
"202","NK","GNAS","NK","ADCY7",0.316490308143272,228.75,176,0.251862612793825,117,0.700883628268977,446,0.177148442045991,161,0.213815250977162,191
"203","CD8 T","UBA52","B","RIPK1",0.317455565281328,304.5,313.5,0.15524616575859,301,0.770256740074109,326,0.0373269883350249,345,0.148748631170115,246
"204","NK","TGFB1","NK","CXCR4",0.321152243263191,276.5,298,0.139886131968568,346,0.834129884884495,164,0.0955241953353914,254,0.0741294422834035,342
"205","CD8 T","RPS27A","B","RIPK1",0.324881112700536,295.5,297.5,0.154075690781038,304,0.788488134903958,291,0.0355064854715217,347,0.155384198121349,240
"206","NK","LGALS1","CD8 T","CD69",0.3255703191793,194,154.5,0.136520742368586,357,0.854255762388691,116,0.251008990812276,110,0.210259179995719,193
"207","CD8 T","VIM","B","CD44",0.330166431976471,209.75,193,0.136432184592812,359,0.861741348455782,94,0.144808302811052,192,0.209607740368899,194
"208","NK","UBB","B","RIPK1",0.332436171865131,204.75,189.5,0.181135466023207,225,0.760504908891405,349,0.184926648494675,154,0.356540328086771,91
"209","CD8 T","PKM","B","CD44",0.332436171865131,287,277,0.138915009817943,349,0.803853033683102,245,0.0820419236200475,270,0.110890443523724,284
"210","NK","B2M","CD8 T","HLA-F",0.335097748297328,207.5,206,0.118696199707313,394,0.913609729920262,24,0.048567724561255,328,0.368796568401318,84
"211","B","RPS27A","CD8 T","ADRB2",0.336262735898603,270.25,277,0.138581086683076,350,0.798882082892169,261,0.0718688532551679,293,0.228671130657383,177
"212","NK","CALM3","B","SELL",0.344014872666923,256.5,261,0.13841906465794,352,0.837794491248677,152,0.125226563684896,215,0.0992521762938646,307
"213","NK","CALM1","NK","PTPRA",0.347940822934771,257,260,0.138158553755735,353,0.763193454825862,343,0.16539614067684,177,0.265446064694353,155
"214","CD8 T","UBC","CD8 T","ADRB2",0.351900280376737,319.5,327,0.138004892390677,354,0.764846488924158,340,0.0586310351518152,314,0.12568838265823,270
"215","NK","CCL5","NK","CXCR3",0.355893435103813,278.25,278,0.137898849526232,355,0.800450536998331,255,0.134841440950257,202,0.103066431527761,301
"216","CD8 T","HLA-A","B","APLP2",0.359920477764784,266.25,267,0.136735687880189,356,0.829750056694761,175,0.0686093406814824,297,0.159709503066277,237
"217","B","UBC","CD8 T","TGFBR2",0.363981599546234,291.75,307.5,0.198401776916967,195,0.781998249228987,304,0.0612438330391412,311,0.0574221741061518,357
"218","NK","UBC","CD8 T","SMAD3",0.368076992172543,311,340.5,0.192773556787456,205,0.759960156554414,351,0.0478531296054609,330,0.0571452286547237,358
"219","CD8 T","UBC","B","RIPK1",0.368076992172543,305.25,305.5,0.15765644941035,292,0.755750545926859,358,0.0547995926233574,319,0.143055305738636,252
"220","B","CALM3","NK","SELL",0.368076992172543,221,185.5,0.13650590102576,358,0.836846578445333,155,0.177319987590206,160,0.19782063380707,211
"221","CD8 T","CD160","NK","TNFRSF14",0.373220885139876,231.75,180,0.219200561716872,157,0.707957205046061,437,0.226121884550796,130,0.203573593710563,203
"222","NK","HSP90B1","B","TLR7",0.383202787017261,232,194,0.346529859166304,37,0.646507465370148,503,0.150593040672878,183,0.202702823070219,205
"223","CD8 T","UBA52","CD8 T","ADRB2",0.38480512443682,319.25,325,0.135895045713068,362,0.778970460447086,309,0.0411584308634827,341,0.131381708089709,265
"224","CD8 T","UBB","CD8 T","SMAD3",0.389074765975981,288.25,295.5,0.197579809838493,199,0.754227767175646,363,0.0786086175734894,282,0.0974763508980964,309
"225","NK","FASLG","CD8 T","TNFRSF1A",0.393335726833094,266.5,186.5,0.285217979366092,82,0.509956676069841,611,0.170626035110834,166,0.201816716192392,207
"226","NK","B2M","CD8 T","CD247",0.394876488369455,206.25,201,0.115063289928723,405,0.926078424637269,18,0.0620152611095769,310,0.354125368944069,92
"227","CD8 T","RPS27A","CD8 T","ADRB2",0.397720541997829,307.5,304,0.134870468070179,365,0.796692888184044,266,0.0393379279999795,342,0.138017275040943,257
"228","NK","GNAI2","B","FPR1",0.39845888,265.5,204.5,0.297493462217728,72,0.553016577948022,581,0.135029995064878,201,0.201167583724799,208
"229","NK","IFNG","NK","IFNGR1",0.403619842263226,255,179.5,0.223009370131396,150,0.603189753024778,540,0.233813961296939,121,0.199716328154568,209
"230","B","ADA","CD8 T","DPP4",0.408818626798782,256.5,200,0.337945906664833,43,0.551194146756222,583,0.128547823296052,210,0.215661867029865,190
"231","CD8 T","GNAS","NK","PTGDR",0.410958378790659,222.5,206.5,0.197218019792065,200,0.751017504851876,368,0.254735056743259,109,0.195298600036065,213
"232","NK","GNAI2","B","S1PR4",0.41544355832919,318.5,318,0.146260039060544,323,0.74895452606247,369,0.0825408272978431,269,0.094871675950391,313
"233","NK","IRAK4","B","TLR7",0.419329707323973,267.75,202,0.389776327823076,25,0.434170895829716,642,0.128113825405909,212,0.210631590548863,192
"234","NK","GNAI2","CD8 T","S1PR4",0.429119573258639,322,320,0.145341505855588,325,0.748361799118377,372,0.0805841149223974,276,0.092370296601601,315
"235","CD8 T","CALM2","B","SELL",0.429119573258639,241.5,256,0.132706857039841,372,0.870364583104709,82,0.107988738644733,237,0.120356277470503,275
"236","CD8 T","KLRB1","B","CLEC2D",0.429992194715871,254.5,180,0.256059335232759,111,0.589861722855573,547,0.201099633745021,146,0.195238453078643,214
"237","NK","UBC","NK","ADRB2",0.43842264068625,314.75,314,0.168692593861419,257,0.782421021381696,303,0.0508344525664644,325,0.0471803316334785,374
"238","NK","LGALS1","B","PTPRC",0.447876158420223,212,190,0.130376387703808,376,0.86384393740651,92,0.223340871443666,131,0.14600901235927,249
"239","NK","GNAI2","NK","S1PR4",0.45265984,333.5,334.5,0.14165470106248,340,0.745934809179798,377,0.0754247168922016,288,0.0823302704787166,329
"240","B","CALM2","B","SELL",0.45265984,251.25,272,0.130342464197853,377,0.869347013085874,84,0.101754743536428,248,0.107176497450688,296
"241","NK","HSPA8","CD8 T","ADRB2",0.46234206098666,298,285.5,0.147107013941311,321,0.74279266046731,379,0.100393701675855,250,0.151907581160702,242
"242","B","HLA-F","NK","KIR3DL2",0.462888442281433,252.25,218.5,0.286831858819631,81,0.655764305981241,491,0.122333407495473,220,0.193331175247522,217
"243","NK","B2M","NK","HLA-F",0.466407221102903,230.5,237.5,0.110771290614244,419,0.91084356222925,28,0.0190698685062184,374,0.341047843272129,101
"244","CD8 T","CALM1","CD8 T","PTPRA",0.467241006967543,359.25,355.5,0.135601591423495,363,0.761501219063771,348,0.0362810630476798,346,0.0405250123504899,380
"245","CD8 T","KLRB1","CD8 T","CLEC2D",0.46850368,258,179.5,0.249131429718947,120,0.586539849794873,553,0.21571155960296,138,0.188970244820025,221
"246","CD8 T","B2M","CD8 T","CD247",0.470048303630825,273.25,327.5,0.110889666894185,418,0.924803797937563,20,0.0271590994834546,365,0.109282986582761,290
"247","CD8 T","UBB","B","RIPK1",0.472178781885788,358,368.5,0.149281719919957,314,0.742450579768397,381,0.0275273406496674,364,0.047696870968242,373
"248","CD8 T","HLA-B","NK","CANX",0.477155590372886,307,366,0.128843084777625,378,0.854873352462865,114,0.033164904471146,354,0.037033586619182,382
"249","NK","PKM","CD8 T","CD44",0.482171637598123,308.5,294,0.124902293152359,383,0.795334686519601,271,0.0897113490396674,263,0.0888227475431091,317
"250","B","B2M","CD8 T","CD247",0.492407388962571,393.25,459,0.100599922227159,453,0.921346841082138,21,-0.0544226177675643,465,-0.494356963004428,634
"251","B","IRAK4","B","TLR7",0.497147506532684,286.25,225,0.326873295774545,49,0.412690483638204,646,0.121021018907874,224,0.181656900733221,226
"252","NK","CALM1","B","FAS",0.497147506532684,227,189,0.180281984446727,226,0.732461845985835,400,0.187943857527836,152,0.305200056810537,130
"253","NK","HLA-A","NK","APLP2",0.497457271462484,263.5,255.5,0.123741574863696,386,0.822580545510065,195,0.0581579158780571,316,0.263307536092146,157
"254","CD8 T","UBB","CD8 T","ADRB2",0.502632336089073,371.25,371,0.130674055964732,375,0.751879207799564,367,0.0313587831781253,356,0.0303299478878366,387
"255","NK","HLA-B","B","CANX",0.507847673367179,222,208.5,0.121618863914583,388,0.851257108171707,121,0.0692265592063632,296,0.369049377968649,83
"256","B","CLEC2B","NK","KLRF1",0.508869721525157,284.25,214.5,0.179640699101848,228,0.581093253259544,558,0.191024955375574,150,0.204652401333248,201
"257","NK","GNAI2","CD8 T","CXCR3",0.514787486869507,261.25,209.5,0.202454500265181,190,0.684725833320994,470,0.182552038354169,156,0.174084971465334,229
"258","CD8 T","CLEC2B","NK","KLRF1",0.514787486869507,279.75,215.5,0.179060080700537,229,0.580699178192517,560,0.226355515885215,128,0.204237401514035,202
"259","B","UBC","CD8 T","SMAD3",0.5184,324,348.5,0.189547435024244,209,0.758417432552697,354,0.0386798853610814,343,0.0295972810314001,390
"260","CD8 T","HLA-A","NK","APLP2",0.5184,307.75,318.5,0.119325545101761,390,0.819913230997346,204,0.0218534234737635,370,0.127888975721635,267
"261","NK","NUCB2","NK","ERAP1",0.520742999194706,281.75,216.5,0.313999350800437,55,0.444812199362558,639,0.134443152400879,203,0.174067986540688,230
"262","CD8 T","HSPA8","CD8 T","ADRB2",0.523737407760233,344.75,335.5,0.138456063783346,351,0.736960636740756,391,0.0578138120745094,317,0.0871727410706121,320
"263","B","CD47","CD8 T","SIRPG",0.526736237795596,234.75,201,0.277613996391558,90,0.700080419126572,447,0.167307932838533,171,0.172816386628054,231
"264","CD8 T","CD48","NK","CD2",0.534535762215609,283,307.5,0.118957170387583,393,0.849431670520287,124,0.0655830115232446,305,0.0966504501908684,310
"265","CD8 T","CALM1","CD8 T","FAS",0.539997130543048,313.5,324,0.187049132052064,212,0.736056850627124,394,0.0470255372946184,332,0.0913667661330409,316
"266","B","CD59","CD8 T","CD2",0.54494208,214.75,187,0.177613812504537,234,0.72568441698074,414,0.358321361319045,71,0.288980064103599,140
"267","B","UBC","NK","ADRB2",0.545500241588179,327.25,323.5,0.165869474044478,267,0.780981049458815,307,0.0416612083220849,340,0.0196323840101549,395
"268","CD8 T","B2M","B","HLA-F",0.545500241588179,259.25,308.5,0.118432297415892,395,0.913521850931509,25,0.0286309722795259,361,0.138637920275051,256
"269","NK","B2M","CD8 T","KLRC1",0.550736457082035,264.25,247.5,0.0990366077057638,457,0.8585402122918,105,0.0136209405382603,384,0.330951302009386,111
"270","B","TGFB1","CD8 T","CXCR4",0.5510859843843,258.75,217.5,0.116582846731556,401,0.821137142488588,200,0.137145790075425,199,0.164555441351373,235
"271","B","VIM","B","CD44",0.556632541011869,300.75,343.5,0.117871132830833,397,0.852797267183817,119,0.0338081311762476,351,0.0753778120287583,336
"272","B","GNAI2","NK","ADCY7",0.557267487317671,270.25,211.5,0.219063413749433,158,0.647470326083761,500,0.147414299160284,187,0.161280677565988,236
"273","B","ICAM2","NK","ITGAM",0.569743165676272,282.25,228.5,0.215120694932764,165,0.640178086815785,507,0.124078689232962,219,0.158332795293525,238
"274","CD8 T","LTB","CD8 T","TNFRSF1A",0.573649382024439,369.25,369.5,0.116927645940466,400,0.748031771191064,374,0.042573934666004,338,0.0527292422690989,365
"275","CD8 T","HLA-F","NK","KIR3DL2",0.576037275490354,263.5,233.5,0.27704373860699,94,0.651834887006735,493,0.10741399815108,239,0.178647441012481,228
"276","B","LYZ","CD8 T","ITGAL",0.59105344,287,263.5,0.169328420447955,254,0.732050379553809,403,0.124357101582709,218,0.123794080927022,273
"277","NK","UBC","B","RIPK1",0.596941847268653,375.25,386.5,0.145650348261001,324,0.74836601464335,371,-0.00322814731836107,402,0.00736574872486927,404
"278","B","LYZ","NK","ITGAL",0.602874143062218,294.5,267.5,0.16763662900506,261,0.73106440639509,405,0.107451239843873,238,0.121214186472124,274
"279","CD8 T","CALM1","B","SELL",0.608850544919295,302,376.5,0.115024341766652,406,0.891633024736416,49,0.0296164016085827,359,0.0229727230090987,394
"280","CD8 T","B2M","CD8 T","HLA-F",0.614871270916284,272,327,0.11439080227328,407,0.912140503377007,27,0.0137115629351328,382,0.12395418604001,272
"281","CD8 T","LYZ","CD8 T","ITGAL",0.620936539667378,306,280,0.165501829491362,269,0.729802624629307,408,0.0940417471405764,256,0.109275204191615,291
"282","B","B2M","NK","KIR2DL3",0.630576912573089,255.5,189.5,0.308066254138689,61,0.851920939519777,120,0.0919415274531823,259,-0.272434434877542,582
"283","CD8 T","LYZ","NK","ITGAL",0.633201582577641,316.5,290.5,0.16384827022366,275,0.728811444433535,410,0.0771358854017408,284,0.106695309736716,297
"284","CD8 T","SPTAN1","CD8 T","PTPRA",0.634365534024719,304,235,0.233993553323863,137,0.510045991242268,609,0.121533296699654,222,0.146490157585533,248
"285","B","TIMP1","NK","CD63",0.648786936434999,269.75,266.5,0.0960965305112427,469,0.728786096926508,411,0.348100365637991,77,0.319708492615265,122
"286","CD8 T","CALM1","NK","PTPRA",0.651938713876965,401.25,407,0.112695600346032,413,0.74429484468815,378,-0.00579083901111856,408,0.00473783340324643,406
"287","B","ACTR2","NK","ADRB2",0.654477355207451,296,233.5,0.21407382768566,167,0.588636345176292,550,0.125042473596852,216,0.143538376703269,251
"288","NK","B2M","B","CD3G",0.657952682844438,274.25,256.5,0.0963868004962396,468,0.849755929859702,123,0.00931073700327426,390,0.327990934560102,116
"289","B","B2M","B","HLA-F",0.667478457902734,386.25,444,0.107442652168767,427,0.90959693574739,29,-0.052950744971493,461,-0.465002029312138,628
"290","B","PTDSS1","NK","JMJD6",0.674921435680823,296,221.5,0.203206508668907,189,0.586628084249706,552,0.145447480010177,189,0.14222521859491,254
"291","NK","SELPLG","CD8 T","ITGB2",0.677564719913168,378.5,389.5,0.132108086028023,374,0.774045753742101,318,-0.00369215404747897,405,-0.00452287256860597,417
"292","B","SELPLG","NK","ITGB2",0.677564719913168,253.75,249,0.111386075563392,417,0.758777603779181,353,0.287509915951973,100,0.287070036800528,145
"293","CD8 T","B2M","NK","HLA-F",0.688892181646301,297.5,365.5,0.106753348746256,429,0.909331960581057,30,-0.0157862931199038,420,0.0962054609108207,311
"294","NK","CALM2","NK","SELL",0.70393887230279,301.75,341,0.109532717677083,421,0.859147394269858,104,0.0542905175029065,320,0.0560455084028947,362
"295","CD8 T","TNFSF12","CD8 T","TNFRSF25",0.709728958330591,293.25,224.5,0.208964278280653,179,0.593787687469874,545,0.145425363141391,190,0.137350865390309,259
"296","CD8 T","IL23A","CD8 T","IL12RB1",0.7168,310.5,243.5,0.222733063660336,151,0.520389076493774,604,0.116831364747713,227,0.136867404246898,260
"297","B","GNAI2","B","S1PR4",0.717411004735128,413.75,415.5,0.109303198569387,423,0.720594803400323,417,-0.00168242730273105,401,-0.00357539869371822,414
"298","B","EBI3","B","IL27RA",0.723907396564546,279.75,224,0.345509616190188,38,0.469472734670637,633,0.0901418186823128,261,0.220308098250915,187
"299","NK","PTDSS1","NK","JMJD6",0.723907396564546,312,245,0.196621845810029,201,0.582628514317647,557,0.114316887829835,229,0.134200594204009,261
"300","NK","UBC","CD8 T","ADRB2",0.724219127924092,389.5,389.5,0.127495327426197,381,0.757648773560271,355,0.000603295210096735,398,-0.0100011743555362,424
"301","B","GNAI2","CD8 T","S1PR4",0.731075592591296,416.25,418,0.108616759416637,425,0.719960154394496,418,-0.00363913967817675,404,-0.00607677804250824,418
"302","B","B2M","CD8 T","HLA-F",0.731409868819719,396.75,462,0.103776178020043,441,0.908159197012684,32,-0.0678701543158862,483,-0.479685763547179,631
"303","CD8 T","CALM1","B","KCNN4",0.744934460076328,243.5,251,0.334104713603087,45,0.714826763107299,427,0.079507681977203,278,0.185890277390445,224
"304","B","ARPC5","NK","ADRB2",0.7519373210966,353.25,356,0.16413604711161,273,0.712111068857719,428,0.0353613229727285,348,0.0532507973801402,364
"305","CD8 T","CALM1","B","FAS",0.75898944,376.75,378,0.147055581551023,322,0.71203605585746,429,0.0167568778398774,378,0.0444918255194304,378
"306","CD8 T","HLA-B","B","CANX",0.75898944,353.5,424,0.109525404029873,422,0.844503698314619,137,-0.0224300437590926,429,-0.0113900352084772,426
"307","B","POMC","NK","ADRB2",0.759987171138266,318,248,0.218501598355421,160,0.502504417547799,616,0.113039214692605,230,0.129148192667786,266
"308","B","ICAM3","CD8 T","ITGAL",0.76609104723224,296,265.5,0.169792176610995,252,0.711998705660993,430,0.12115438626806,223,0.117294638325452,279
"309","B","CD48","NK","CD2",0.76609104723224,344.5,403.5,0.106449848190263,430,0.842188918923412,141,0.00203820450902342,395,-0.00124657263874,412
"310","NK","CD59","CD8 T","CD2",0.773242373776829,240,228.5,0.15501822698491,303,0.711935228035573,431,0.355770991523927,72,0.268422471172303,154
"311","B","ICAM3","NK","ITGAL",0.780443651155072,304,270,0.16809575169484,259,0.710968080243627,432,0.104248524529224,244,0.114714743870553,281
"312","B","GNAI2","NK","S1PR4",0.780443651155072,424.5,428,0.105861532773898,432,0.717362692728448,424,-0.00879853770837252,410,-0.0161168041653926,432
"313","NK","ARPC5","CD8 T","ADRB2",0.787695111426071,278.25,259,0.1606807854471,286,0.709925278737662,433,0.176081785498397,162,0.172155174653815,232
"314","CD8 T","SELPLG","B","SELL",0.787695111426071,393.75,392,0.10583608102166,433,0.747513467349999,375,0.0299793144398696,358,0.00218685295513706,409
"315","CD8 T","MFNG","NK","NOTCH1",0.796964524368194,314.75,267,0.219059175482688,159,0.574093690462125,566,0.081933285054695,271,0.133145907804416,263
"316","NK","CALM1","B","PTPRA",0.802349511571723,304.5,301,0.105195261230141,435,0.737686028074773,388,0.127704588681368,214,0.22343747078461,181
"317","NK","LYZ","CD8 T","ITGAL",0.809752918253563,406,410,0.134405423454442,368,0.708799502818821,436,0.000617559199132048,397,-0.00871098541829476,423
"318","B","ALOX5AP","B","ALOX5",0.81200448,294.75,263,0.198251690606645,197,0.694142413139068,456,0.081581342518403,273,0.142958704232398,253
"319","B","B2M","NK","HLA-F",0.815215511703372,410.25,485,0.0968474239498792,466,0.905236608582442,36,-0.0973680103709227,504,-0.507434488676368,635
"320","CD8 T","CALM3","B","SELL",0.817207441442526,369,414,0.10462755040111,437,0.817868005130867,211,-0.00138992466377313,400,-0.0134945267768497,428
"321","NK","B2M","NK","CD3G",0.81945993487623,294,273,0.0866281215274746,503,0.84281389365302,140,-0.00395108033797922,406,0.311105133847431,127
"322","NK","LYZ","NK","ITGAL",0.824713315886699,413.75,423,0.13306255410813,371,0.707762127912426,438,-0.0162883025397035,421,-0.0112908798731937,425
"323","NK","HLA-B","CD8 T","CANX",0.824713315886699,251.5,228,0.104586126923969,438,0.841449702438872,143,0.0606656623800361,313,0.33059899702828,112
"324","B","UBC","B","RIPK1",0.832270776871958,391.25,395.5,0.143212847152578,335,0.746773604813812,376,-0.0124013915627406,415,-0.0201821988984543,439
"325","CD8 T","ADAM10","NK","NOTCH1",0.834829002838836,333,275.5,0.234036554188359,136,0.417564100879091,645,0.0812476551803639,275,0.120206687204697,276
"326","B","ICAM2","CD8 T","ITGAL",0.842507362672176,304.25,253.5,0.178981871135427,230,0.649064025921012,497,0.127807790496402,213,0.11914288360859,277
"327","CD8 T","CD59","NK","CD2",0.863021210764329,366.25,350.5,0.143787392712715,329,0.704162348848909,443,0.0541866401975627,321,0.0480086580926688,372
"328","NK","CD58","NK","CD2",0.865751647351283,295,274.5,0.22441949240326,147,0.661457081756571,484,0.0794084870233487,280,0.127738919043165,269
"329","B","ICAM2","NK","ITGAL",0.865751647351283,312.5,259.5,0.177193630288325,239,0.647919553629352,499,0.110901928757566,232,0.116562989153691,280
"330","B","CALM1","NK","SELL",0.870840152566086,295.5,345.5,0.118987586283472,392,0.893258782602827,47,0.067650414899318,299,-0.0230753939852184,444
"331","CD8 T","CCL5","B","CXCR3",0.888747414569518,258.75,241,0.0924193368009704,484,0.76656583454019,335,0.361317807896314,69,0.285423303223527,147
"332","NK","HLA-F","NK","KIR3DL2",0.889307627872973,284.5,263,0.2585465462059,108,0.643953374760238,504,0.0779161420960437,283,0.150898715883291,243
"333","CD8 T","ICAM3","CD8 T","ITGAL",0.90264840846749,360.5,340.5,0.150258859588343,313,0.699307684349738,448,0.0554271965312327,318,0.0552382077291956,363
"334","NK","ICAM3","CD8 T","ITGAL",0.910734793902174,365.25,348.5,0.149184637194421,315,0.698552797301455,449,0.0484264564483824,329,0.0518254536456952,368
"335","CD8 T","CALR","B","HLA-F",0.910734793902174,392.75,429,0.103209179887415,444,0.797744936834514,264,-0.0103113855689183,414,-0.0338752918971621,449
"336","B","HLA-B","NK","KIR2DL3",0.91317248,273.25,253.5,0.298170618912199,67,0.81332619477969,221,0.0758616558879891,286,-0.152701844384013,519
"337","CD8 T","ICAM3","NK","ITGAL",0.918875389517174,369,355,0.148757595641049,316,0.698250890847413,450,0.0385213347923971,344,0.0526583132742967,366
"338","NK","HLA-E","CD8 T","KLRC1",0.918875389517174,323.75,313.5,0.101275160572843,450,0.814454106330549,218,0.0285772390122943,363,0.132835783264987,264
"339","CD8 T","SPTAN1","NK","PTPRA",0.921195561880887,348,283,0.194467068506432,204,0.48692148609578,622,0.0794613946408552,279,0.110702978638289,287
"340","NK","ICAM3","NK","ITGAL",0.927070437051924,374,362.5,0.147694106000961,320,0.697494498386584,451,0.0315205947095468,355,0.0492455591907963,370
"341","B","CALM3","B","SELL",0.927070437051924,385,437.5,0.101229706355857,451,0.815396161105061,214,-0.0232103722904507,430,-0.0248315657369588,445
"342","NK","TNFSF12","CD8 T","TNFRSF25",0.929252522911663,320,256,0.182038741351336,224,0.577049761341212,564,0.133729211771549,204,0.109968007329474,288
"343","B","UBC","CD8 T","ADRB2",0.935320178783656,400,395.5,0.125361655892756,382,0.75609596207306,357,-0.00856994903428275,409,-0.0375491219788598,452
"344","NK","HLA-B","B","CD3G",0.935320178783656,275.75,272,0.10101448490731,452,0.816750043366152,213,0.0474244936343226,331,0.335923154721246,107
"345","NK","ACTR2","NK","ADRB2",0.937343248810616,326.75,268,0.190626711416052,206,0.574522952494428,565,0.103131667752317,247,0.109616251199553,289
"346","CD8 T","GNAI2","NK","S1PR5",0.951984716635972,290.5,270,0.157387805051322,295,0.695594511834501,454,0.169015038289004,168,0.149887579879941,245
"347","NK","HLA-C","B","CD3G",0.951984716635972,261.25,255.5,0.100477170592733,454,0.829560832889613,178,0.0465745129112357,333,0.373666192449218,80
"348","NK","ICAM2","NK","ITGAM",0.961816848698575,329,288.5,0.18507992482292,215,0.622678196333226,524,0.0762170278428048,285,0.109211841900922,292
"349","CD8 T","TNFSF12","NK","TNFRSF25",0.97004145898533,330,275.5,0.188153834023449,210,0.581076515065532,559,0.0932094094677042,258,0.109169437760736,293
"350","NK","B2M","B","CD3D",0.977981898202444,368.25,417.5,0.057197666872453,594,0.895289963551654,44,-0.286850435699681,591,0.150235938292439,244
"351","NK","GNAI2","NK","CXCR3",0.978299238530864,330.25,293.5,0.157479784484795,293,0.657002991745687,488,0.103503421644293,246,0.108812956584437,294
"352","CD8 T","CALR","CD8 T","HLA-F",0.985980842597948,404.5,444,0.0996871727298299,456,0.794929389760768,272,-0.0252307949133114,432,-0.048559026132203,458
"353","B","HLA-A","NK","KIR2DL3",0.986590063373132,272,245.5,0.298025018519551,68,0.821908614755129,196,0.0697336474932173,295,-0.163304319727809,529
"354","NK","SELPLG","B","ITGAM",0.986590063373132,342.25,287,0.162994094630931,279,0.548929702581599,586,0.128612086086431,209,0.108152226121273,295
"355","CD8 T","B2M","B","CD3D",0.997879892160638,434.5,546,0.0551229695460636,598,0.893545478848412,45,-0.321706597325803,601,-0.0946064440688686,494
"356","B","HLA-C","NK","KIR2DL3",1,278.25,245,0.29760824323978,71,0.82657254093445,188,0.0667835528114371,302,-0.219611159625168,552
"357","B","HSP90B1","B","TLR7",1,327,343.5,0.275174559514542,95,0.619739035592918,526,0.00978843389570597,389,0.104994569188541,298
"358","B","CALM1","B","KCNN4",1,389.75,477.5,0.256301443401764,110,0.687056374419115,468,-0.0829886646127185,494,-0.0828100391479015,487
"359","NK","RPS27A","NK","TGFBR1",1,295.75,280.5,0.255333888718367,113,0.816923091744303,212,0.0344867067146087,349,-0.137889333455795,509
"360","B","HLA-A","NK","KIR3DL2",1,331,327,0.245102374586971,124,0.794925385221463,273,0.0148089766102775,381,-0.200618201314398,546
"361","NK","UBA52","NK","TGFBR1",1,331.75,332.5,0.242863090084913,128,0.795880381681415,269,0.0011781642421867,396,-0.172888771589336,534
"362","B","GNAI2","B","FPR1",1,346.5,314.5,0.222323111512493,152,0.516802730070647,605,0.0508067404643038,326,0.102720509080689,303
"363","B","UBB","NK","TGFBR1",1,365.5,398.5,0.221017337619271,154,0.765340616985386,338,-0.0518590064703773,459,-0.14070428065167,511
"364","B","TGFB1","NK","TGFBR1",1,333.5,318.5,0.217514444680576,162,0.610581791986968,535,0.0523381660015552,323,0.0947079777414095,314
"365","B","GSTP1","B","TRAF2",1,367.75,393,0.206992481108223,183,0.646941964234894,502,-0.0206379411771483,425,0.056148930971196,361
"366","NK","CD86","B","CD28",1,364.25,313,0.206944990089361,184,0.401218099949677,647,0.0492549778530164,327,0.104740196103141,299
"367","B","TGFB1","NK","TGFBR3",1,359.75,345.5,0.199048463342506,193,0.584853675201545,555,0.0309791455323163,357,0.0771277595658827,334
"368","CD8 T","CD47","CD8 T","SIRPG",1,346,353,0.198312711348785,196,0.663624321458914,482,0.0336873992808543,352,0.0600073753334432,354
"369","B","ADAM10","NK","NOTCH1",1,387.5,345,0.188003550475052,211,0.391195609776153,649,0.0286166068984989,362,0.0829927323213774,328
"370","NK","RPS27A","CD8 T","TGFBR2",1,348.75,320,0.185817713879466,214,0.808824102114792,233,-0.00422406535407499,407,-0.193579023289484,541
"371","B","MFNG","NK","NOTCH1",1,376,352.5,0.184061619765235,217,0.552688062145979,582,0.0256677439672266,367,0.0750183365837668,338
"372","NK","CD52","B","SIGLEC10",1,423.5,463.5,0.183558218447141,219,0.742617190011923,380,-0.15053841074501,547,-0.202599392015848,548
"373","NK","RPS27A","CD8 T","SMAD3",1,379.75,365,0.177524977826495,235,0.787355943159756,293,-0.0267880130321348,437,-0.221403916364235,554
"374","NK","UBA52","CD8 T","TGFBR2",1,385.5,371,0.176742164590059,240,0.787093110133737,295,-0.037532607826497,447,-0.228578461423025,560
"375","CD8 T","POMC","NK","ADRB2",1,373.5,312.5,0.176233733353436,242,0.47565094075845,627,0.066051498821346,304,0.0870583464414691,321
"376","NK","CD160","B","TNFRSF14",1,306.75,274,0.174151581247213,244,0.683618830329881,472,0.129526390032306,207,0.102257168892348,304
"377","CD8 T","SELPLG","NK","ITGAM",1,357,302,0.173376713411415,246,0.55656274152168,578,0.0721147632639103,292,0.0958541699468338,312
"378","NK","UBA52","CD8 T","SMAD3",1,410.25,408.5,0.168854455233528,256,0.763897004568871,342,-0.0600965555045568,475,-0.256403354497777,568
"379","CD8 T","GSTP1","B","TRAF2",1,430.5,470.5,0.168288400623513,258,0.622957995433528,523,-0.095404473821216,503,-0.0195082175465248,438
"380","CD8 T","GNAI2","B","FPR1",1,428.5,413.5,0.166828950665553,262,0.480922982088763,625,-0.0292745263380979,439,0.0300424153381994,388
"381","NK","KLRB1","B","CLEC2D",1,378.75,328,0.166040088746993,265,0.536635180826551,594,0.0518333080889301,324,0.0809053844474187,332
"382","NK","MFNG","NK","NOTCH1",1,406.75,384,0.165912450275377,266,0.539823565276008,593,0.00832551624164335,392,0.0448743130801137,376
"383","B","POMC","CD8 T","ADRB2",1,389.25,326.5,0.165140224521991,270,0.467550316166927,634,0.0628080573362377,309,0.0719666866787715,344
"384","CD8 T","GNAI2","NK","ADCY7",1,355.75,309.5,0.164382907365787,271,0.614047218390309,533,0.0673330323578825,301,0.0886025838234982,318
"385","NK","TNFSF12","NK","TNFRSF25",1,362.5,302,0.16390977160247,274,0.56419923343491,572,0.0815132580978613,274,0.0817865796999001,330
"386","CD8 T","ICAM2","NK","ITGAM",1,382.25,358.5,0.163779986254022,276,0.608211264962657,536,0.0176440252490081,377,0.0743833975606997,340
"387","NK","UBA52","NK","NOTCH1",1,431,434.5,0.162582448946084,280,0.748438586280544,370,-0.0874078115235236,499,-0.265249600459882,575
"388","NK","LRPAP1","CD8 T","SORL1",1,325,294.5,0.161828166613361,281,0.640732332846709,506,0.130307850287464,205,0.0981733307511181,308
"389","B","ACTR2","CD8 T","ADRB2",1,368.25,305.5,0.16179378198775,282,0.554367145680348,580,0.0748113162404847,289,0.0863568707142539,322
"390","NK","KLRB1","CD8 T","CLEC2D",1,380.75,321,0.161547731359207,283,0.533223350518847,598,0.0664452339468689,303,0.0746371761888008,339
"391","B","UBB","CD8 T","TGFBR2",1,422,430.5,0.160844048591756,285,0.755642277953227,360,-0.090569778539061,501,-0.196393970485359,542
"392","CD8 T","GNAS","NK","ADCY7",1,375.25,358,0.158407907820702,289,0.650139849720002,496,0.0291190286200295,360,0.0578781242693921,356
"393","B","TGFB1","CD8 T","TGFBR2",1,399.25,382,0.158294839158179,291,0.597848216106669,542,0.0136273939328715,383,0.0390182879077208,381
"394","CD8 T","CD160","B","TNFRSF14",1,335.75,318.5,0.157013656510222,296,0.672311019436763,478,0.116304661302089,228,0.0741982380917566,341
"395","B","PTDSS1","B","JMJD6",1,369.25,317,0.156892328495968,297,0.5549550498887,579,0.0896911808169507,264,0.0752237640006154,337
"396","CD8 T","LRPAP1","CD8 T","SORL1",1,343.25,311.5,0.155414446631591,299,0.636064716245944,510,0.107253337307389,240,0.0852882355473628,324
"397","NK","RPS27A","NK","ADRB2",1,382,365.5,0.155348842879736,300,0.807901324109077,236,-0.0238066900711313,431,-0.231368813385481,561
"398","NK","ICAM2","CD8 T","ITGAL",1,360.25,325.5,0.153987747505017,305,0.631747704992432,513,0.0799461291062447,277,0.0700219302159873,346
"399","B","UBB","CD8 T","SMAD3",1,448.25,464.5,0.153665845756218,306,0.730194199202392,407,-0.113133726217121,522,-0.22421886356011,558
"400","NK","GNAI2","CD8 T","S1PR5",1,328.25,304,0.152598465366949,308,0.692312937731291,460,0.103965349739549,245,0.103735853729145,300
"401","NK","ICAM2","NK","ITGAL",1,369.75,328.5,0.1524492275516,309,0.630578902296733,514,0.0630402673674091,308,0.0674420357610884,348
"402","NK","PTDSS1","B","JMJD6",1,389.5,332,0.151808421021461,310,0.550883644494435,584,0.0585605886366085,315,0.0671991396097144,349
"403","B","GNAI2","CD8 T","CXCR3",1,347.5,323,0.151298499480032,311,0.652477138421116,492,0.098328783753595,252,0.0756378968212251,335
"404","B","TGFB1","CD8 T","SMAD3",1,423.25,405.5,0.15123040330715,312,0.565417975950824,570,-0.00893655374518827,411,0.0111933948329692,400
"405","CD8 T","SPTAN1","B","PTPRA",1,410,343,0.148069109845794,317,0.45298484255203,637,0.0417698426453831,339,0.0686943847285464,347
"406","B","B2M","CD8 T","CD3G",1,347.5,351.5,0.148056168094738,318,0.875151857600892,70,0.0125778014982992,385,-0.394253686046224,617
"407","NK","UBA52","NK","ADRB2",1,415.75,395,0.147761428035519,319,0.786093180312777,296,-0.0571152325435533,471,-0.266368251519022,577
"408","CD8 T","TGFB1","NK","TGFBR1",1,447.75,444.5,0.14440052196696,327,0.560926042739246,575,-0.0658652357395365,482,0.00362651244108805,407
"409","NK","ACTR2","CD8 T","ADRB2",1,402.25,347.5,0.144072803860817,328,0.539996822678198,592,0.0529005103959498,322,0.0524347452105385,367
"410","NK","IFNG","B","IFNGR1",1,337.25,296,0.143584149774917,330,0.549494225860438,585,0.16719690726372,172,0.134060225404685,262
"411","B","CALM1","CD8 T","FAS",1,456.25,479,0.143490829611415,331,0.709513727784458,435,-0.115470809295303,523,-0.177333550405305,536
"412","B","HLA-B","CD8 T","CD3G",1,365.25,367.5,0.143300341019183,332,0.841485324655061,142,-0.00350207006689399,403,-0.274521095552695,584
"413","B","HLA-A","CD8 T","CD3G",1,365,373.5,0.143230365694333,334,0.849013450946608,125,-0.00963007846166578,413,-0.285123570896492,588
"414","B","HLA-C","CD8 T","CD3G",1,369,376.5,0.143030064135657,337,0.853094418497543,117,-0.012580173143446,416,-0.34143041079385,606
"415","CD8 T","IFNG","B","IFNGR2",1,413.75,350,0.14109964123508,341,0.500282722928199,618,0.0426344636804232,337,0.0568623962098205,359
"416","CD8 T","ARPC5","NK","ADRB2",1,427.25,450.5,0.140422919543174,344,0.695855834416175,453,-0.0535527966885609,464,-0.0329048737320923,448
"417","NK","LRPAP1","NK","SORL1",1,379.75,349,0.140118517193624,345,0.623990529914915,521,0.06757166824592,300,0.06091085133553,353
"418","B","HSPA8","NK","ADRB2",1,422.5,423.5,0.139323751867357,347,0.737565709643439,390,-0.0481058774430675,457,-0.103760729918466,496
"419","NK","LTB","B","CD40",1,370.5,372.5,0.139284473532246,348,0.80433642120776,244,-0.0826141139009089,493,0.0176072903243469,397
"420","CD8 T","ICAM2","CD8 T","ITGAL",1,411.5,377.5,0.136266054753316,360,0.617414853686047,531,0.021373126512448,371,0.0351934858757651,384
"421","CD8 T","IFNG","CD8 T","IFNGR1",1,409.75,356.5,0.135899401337023,361,0.542676954909513,590,0.0435802469595627,336,0.0644665961132903,352
"422","CD8 T","ICAM2","NK","ITGAL",1,418.75,389.5,0.134904595496926,364,0.616228194580752,532,0.00446726477361237,394,0.0326135914208662,385
"423","CD8 T","LRPAP1","NK","SORL1",1,400,368.5,0.134565213634993,366,0.619234662069071,528,0.0445171552658445,335,0.0480257561317747,371
"424","B","UBB","NK","ADRB2",1,452.75,443.5,0.134470155245961,367,0.754540701825647,362,-0.110152403256117,520,-0.234183760581355,562
"425","NK","RPS27A","B","RIPK1",1,438.25,430,0.134129261691031,369,0.776696226416682,312,-0.0778692899559568,491,-0.27118339629409,581
"426","CD8 T","POMC","CD8 T","ADRB2",1,444.75,384,0.133194807330402,370,0.440909301104042,641,0.0158203414649784,379,0.0298768404524545,389
"427","CD8 T","TGFB1","NK","TGFBR3",1,474,463.5,0.132141578209155,373,0.534418836511275,596,-0.0872242562087754,497,-0.0139537057344388,430
"428","B","ICAM2","B","ITGAM",1,401.75,377,0.127636271824064,379,0.57813690289177,563,0.0741596285072805,290,0.0449941957934404,375
"429","NK","UBA52","B","RIPK1",1,465.5,450.5,0.127578235417947,380,0.752431070558076,366,-0.111177832428379,521,-0.306182834427631,595
"430","B","TGFB1","CD8 T","ITGB1",1,450.25,430.5,0.124133638715027,384,0.584479342908625,556,-0.0295664386917105,440,-0.00735847469321636,421
"431","B","ARPC5","CD8 T","ADRB2",1,423,417,0.124051557865828,385,0.682581308885967,473,-0.0148698343836392,419,-0.00393070860887444,415
"432","B","LRPAP1","CD8 T","SORL1",1,428.25,393.5,0.120761213259247,389,0.606395097786153,538,0.0101094837287689,388,0.0156702583999716,398
"433","CD8 T","LGALS1","CD8 T","ITGB1",1,460.5,469.5,0.119311975470237,391,0.672187939602848,479,-0.104449364043443,512,-0.0488389811777353,460
"434","B","HLA-A","B","APLP2",1,415,425,0.118251254718414,396,0.819244581855394,207,-0.0465800529271812,454,-0.334947184791711,603
"435","B","GNAI2","NK","CXCR3",1,423.5,399.5,0.117687949933341,398,0.62347790889845,522,0.0192801670437186,373,0.0103658819403279,401
"436","NK","RPS27A","CD8 T","ADRB2",1,443.75,443.5,0.117410320956376,399,0.785233808719663,298,-0.074037847427499,488,-0.288550319374495,590
"437","B","UBB","B","RIPK1",1,490.25,488,0.116102458880765,402,0.717696407694772,422,-0.164215003140943,554,-0.273998343489965,583
"438","B","SELPLG","NK","ITGAM",1,458.25,413,0.115890424350998,403,0.506452833612648,614,-0.0191316427974635,423,0.0245830391869552,393
"439","B","HLA-B","NK","CANX",1,396.25,428.5,0.115521462838371,404,0.847971248854126,130,-0.045809999636781,453,-0.319208961819804,598
"440","B","GNAI2","CD8 T","S1PR5",1,417.75,406.5,0.11404003765159,408,0.660455471228458,486,0.0197420951389753,372,0.00528877908503615,405
"441","CD8 T","GNAI2","CD8 T","CXCR3",1,430,408.5,0.113532820469311,409,0.619249576313602,527,0.0182475169511933,376,0.00295980307873508,408
"442","B","SPTAN1","CD8 T","PTPRA",1,458.25,404.5,0.112866710269485,410,0.419615103963875,644,0.015794785307011,380,0.0131848161551214,399
"443","B","CALM1","B","FAS",1,495.75,507.5,0.112810613790349,411,0.684113998777243,471,-0.145739468750044,544,-0.224208491018916,557
"444","CD8 T","FYN","CD8 T","SPN",1,391.75,383.5,0.112798893196361,412,0.637362517698515,509,0.0741214318265452,291,0.0596756840545366,355
"445","CD8 T","PTDSS1","NK","JMJD6",1,451.75,406.5,0.112629554888942,414,0.513742544820474,608,-0.000246728457227854,399,0.0318405188564477,386
"446","CD8 T","ACTR2","NK","ADRB2",1,466.75,421,0.112459618733603,415,0.509115886803327,612,-0.0212476949910007,427,-0.00347202361194461,413
"447","NK","UBA52","CD8 T","ADRB2",1,469.5,466,0.111675866836377,416,0.761611638771546,347,-0.107346389899921,516,-0.323549757508037,599
"448","NK","ICAM2","B","ITGAM",1,444.75,418,0.109812361852302,420,0.559694946693663,577,0.0262979671171235,366,-0.00412675759916268,416
"449","B","TNFSF12","CD8 T","TNFRSF25",1,430,403.5,0.109223052374366,424,0.513811555096476,607,0.0634891215423122,306,0.0359155685204516,383
"450","NK","CD160","CD8 T","TNFRSF14",1,452.5,434,0.108597464226753,426,0.630488666501354,516,-0.0213778985613052,428,-0.0207024730334093,440
"451","NK","LTB","NK","TNFRSF1A",1,487.75,486,0.107080780623247,428,0.739651216021976,385,-0.296915877090373,594,-0.19788777853367,544
"452","CD8 T","ARPC5","CD8 T","ADRB2",1,478.25,485.5,0.106129532396703,431,0.665442061699416,481,-0.103783954044929,511,-0.0900863797211069,490
"453","B","HSPA8","CD8 T","ADRB2",1,474.75,469.5,0.105298797984974,434,0.709582096550745,434,-0.0983370347994352,505,-0.160942235907481,526
"454","CD8 T","TGFB1","CD8 T","TGFBR2",1,500.5,489,0.105086618190733,436,0.547771365595473,588,-0.10457600780822,513,-0.0520631773926006,465
"455","B","LRPAP1","NK","SORL1",1,472.25,450.5,0.104560797359931,439,0.589079383338767,549,-0.0526266983127755,460,-0.0215922210156165,441
"456","B","CALM1","CD8 T","PTPRA",1,480,484.5,0.104023924818691,440,0.736601215201901,392,-0.126215283542242,529,-0.228175304187856,559
"457","B","ICAM2","CD8 T","ITGB2",1,416.75,458,0.103450272947678,442,0.794142889509624,275,-0.0581446116266294,474,-0.0676809028964384,476
"458","NK","FYN","CD8 T","SPN",1,422,417.5,0.10334117696079,443,0.627182752716348,519,0.0458542359890669,334,0.0271308431627643,392
"459","B","HLA-A","NK","APLP2",1,447.5,473.5,0.103194679070221,445,0.808940530255229,232,-0.0933359701349002,502,-0.366767712136353,611
"460","CD8 T","SELPLG","B","ITGAM",1,467.25,440,0.102868565610847,446,0.491554868158823,621,0.022195702538229,368,-0.0174844295532507,434
"461","B","TGFB1","B","ITGB1",1,488,464.5,0.102374715456472,447,0.56090349081367,576,-0.0558493555897812,468,-0.0491787944978435,461
"462","CD8 T","IFNG","NK","IFNGR2",1,487.25,442,0.101790791558787,448,0.459552963401339,636,-0.0266346897432141,436,-0.0138224912789433,429
"463","B","UBB","CD8 T","ADRB2",1,501,500,0.101630522595552,449,0.72769889411574,413,-0.160383560612485,551,-0.29136526657037,591
"464","CD8 T","TGFB1","CD8 T","SMAD3",1,519.25,508,0.100396776898635,455,0.514581694824333,606,-0.12713995548628,530,-0.0798880704673523,486
"465","CD8 T","LGALS1","B","ITGB1",1,494.25,493,0.0983982236060589,458,0.65061373509416,495,-0.130732280941514,533,-0.0906593009823625,491
"466","B","TNFSF12","NK","TNFRSF25",1,466.25,431,0.0983456896895067,459,0.500702140934129,617,0.0112731678686249,386,0.00773414089087811,403
"467","B","HLA-B","B","CANX",1,433.25,483.5,0.09820111737725,460,0.837202339673297,154,-0.10140494786702,507,-0.367632583647463,612
"468","CD8 T","PRSS23","CD8 T","TMEM222",1,483.25,440.5,0.0981872868600524,461,0.466428822491191,635,-0.0127646464685545,417,-0.00649695362174695,420
"469","B","ICAM3","CD8 T","ITGB2",1,393.75,470.5,0.0981386936194067,462,0.837570947602674,153,-0.0647980158549711,481,-0.0695291481795767,479
"470","CD8 T","CD160","CD8 T","TNFRSF14",1,474.25,461,0.0979105950337351,463,0.618342080036263,530,-0.0345996272915225,445,-0.048761403834001,459
"471","NK","HLA-A","B","CD3G",1,304,281.5,0.0977564342555158,464,0.822867426118764,194,0.0221588641791254,369,0.218713965989837,189
"472","CD8 T","ICAM2","B","ITGAM",1,487.75,459.5,0.0971745970390871,465,0.544579363442678,589,-0.0322750354766732,443,-0.0389552019393848,454
"473","CD8 T","HLA-E","CD8 T","KLRC1",1,376.75,406.5,0.0965144932165848,467,0.810788505467331,227,-0.0180053839633338,422,0.0284506767871026,391
"474","CD8 T","LGALS1","NK","PTPRC",1,374.25,445.5,0.0958443674550788,470,0.844715432427131,136,-0.0489793050223248,458,-0.0170127058826269,433
"475","CD8 T","B2M","CD8 T","KLRC1",1,332.75,374.5,0.0954443110884907,471,0.856281754982775,111,-0.021235221087862,426,0.0861089196480777,323
"476","B","SELPLG","NK","SELL",1,325,315,0.0953968393378501,472,0.737588343117485,389,0.139263268259153,198,0.153567921739288,241
"477","CD8 T","LGALS1","CD8 T","PTPRC",1,380.75,456,0.0951720608693055,473,0.84425319622767,138,-0.0570734593142241,470,-0.0221774307634522,442
"478","CD8 T","GZMB","CD8 T","PGRMC1",1,498,473,0.0944972589690269,474,0.686246266308384,469,-0.231248945884394,577,-0.0635648042995879,472
"479","CD8 T","HLA-A","B","CD3G",1,355.5,372,0.0942677496839119,475,0.820203481846011,203,-0.0141456282251683,418,0.0832954056193262,326
"480","CD8 T","LGALS1","B","CD69",1,401,469.5,0.0942144191154104,476,0.829618467581257,176,-0.0760959707158579,489,-0.0517155015727093,463
"481","CD8 T","LGALS1","NK","CD69",1,401,470.5,0.0942128341312773,477,0.829617278577199,177,-0.0704147709766536,486,-0.051724802709819,464
"482","CD8 T","HLA-B","CD8 T","CANX",1,386,452,0.0941863575975553,478,0.834337661626055,162,-0.0309909405854197,442,-0.049840416148846,462
"483","B","SPTAN1","NK","PTPRA",1,501.25,461,0.0938011238612752,479,0.397266215476442,648,-0.0262771167517873,435,-0.022602362792122,443
"484","NK","SELPLG","CD8 T","SELL",1,489.75,501,0.0932670066201844,480,0.73539738407827,395,-0.195914116590017,562,-0.155754774694425,522
"485","CD8 T","CALR","NK","HLA-F",1,429.25,473.5,0.0930314265174236,481,0.78923978272883,287,-0.054728650968348,466,-0.0763077512613926,483
"486","CD8 T","B2M","B","CD3G",1,343.75,380.5,0.0928906187772421,482,0.847382158699134,132,-0.025545424622848,434,0.0831485521987942,327
"487","B","PKM","B","CD44",1,447.25,481.5,0.0926361435107087,483,0.76993793569101,328,-0.0873499570149733,498,-0.0696777271412026,480
"488","NK","HLA-A","CD8 T","APLP2",1,332.5,323,0.0918266002821309,485,0.799758077065052,259,0.0107885979000498,387,0.207058209070076,199
"489","CD8 T","HLA-C","B","CD3G",1,389,438.5,0.0916610215878645,486,0.822970117146123,193,-0.0347179354170609,446,-0.0153499809426927,431
"490","CD8 T","HLA-B","B","CD3G",1,407,453.5,0.0909698702671083,487,0.80878183649432,234,-0.0442321093311332,452,-0.0445162584558802,455
"491","NK","SELPLG","B","ITGB2",1,489,505.5,0.0909531856729947,488,0.739748291918963,384,-0.195041720856777,561,-0.156910508557398,523
"492","NK","HLA-B","NK","CD3G",1,299.25,292.5,0.0907872761574561,489,0.808626422311144,235,0.0341626762930691,350,0.319037354008575,123
"493","CD8 T","TIMP1","CD8 T","CD63",1,484.5,493.5,0.0903799590622566,490,0.722682538992623,416,-0.131858642031649,535,-0.104314410435448,497
"494","NK","HLA-C","NK","CD3G",1,282.75,275,0.0903043622158999,491,0.821881272920682,197,0.0333126955699823,353,0.356780391736547,90
"495","CD8 T","PKM","NK","CD44",1,432,452,0.0901909837429458,492,0.767560232979272,332,-0.0551776791641165,467,-0.0191450204019064,437
"496","NK","VIM","CD8 T","CD44",1,431,506.5,0.0894177317482457,493,0.834598457704224,161,-0.159020683934143,550,-0.154950088472026,520
"497","NK","ICAM2","CD8 T","ITGB2",1,453.25,497,0.0890038438470598,494,0.781576189253981,305,-0.106006273016786,514,-0.116801856289041,500
"498","B","CD59","NK","CD2",1,482,483.5,0.0887490421400788,495,0.651567515866416,494,-0.0575781547146439,473,-0.0522050506123819,466
"499","CD8 T","VIM","NK","CD44",1,346.75,363,0.0885790020729319,496,0.833946957146684,165,0.00758870002688838,393,0.0795722764432683,333
"500","CD8 T","HLA-A","CD8 T","APLP2",1,385,389,0.0885495367711013,497,0.796832395313413,265,-0.0255158945042439,433,0.0716396486995654,345
"501","CD8 T","GNAI2","NK","CXCR3",1,498.75,488,0.0883118136472112,498,0.589223244737282,548,-0.0608010997586831,478,-0.0623122118021621,471
"502","B","CALM1","B","SELL",1,416.75,518,0.0882385181076903,499,0.878145133037533,65,-0.132879944981339,537,-0.245727593529248,566
"503","NK","HLA-A","NK","CD3G",1,328.5,304,0.0878590867544129,500,0.8149535519937,217,0.00889704683787193,391,0.201828165277166,206
"504","CD8 T","PTDSS1","B","JMJD6",1,511,485,0.0869593855026669,501,0.481421691100555,624,-0.0560030276504545,469,-0.0351609357378465,450
"505","CD8 T","ICAM3","CD8 T","ITGB2",1,429.75,504,0.0868485726437582,502,0.829085072415167,179,-0.130525205591798,532,-0.131585578775833,506
"506","B","B2M","CD8 T","KLRC1",1,442.5,506,0.0865877817244158,504,0.850184979040673,122,-0.102816938338881,508,-0.517531029939111,636
"507","B","CALM1","NK","PTPRA",1,514,530.5,0.0864520728313646,505,0.71826306625739,421,-0.16828718560104,556,-0.2639624831351,574
"508","NK","ICAM3","CD8 T","ITGB2",1,433.75,506.5,0.0862276795937931,506,0.828576125110144,183,-0.137525945674649,539,-0.134998332859334,507
"509","CD8 T","CALM1","B","PTPRA",1,457.75,450.5,0.0858075218335609,507,0.717505261145346,423,-0.0434823910065906,450,-0.0372707605064964,451
"510","CD8 T","GNAI2","CD8 T","S1PR5",1,494.5,492.5,0.0855744582101432,508,0.627555302803004,518,-0.0603391716634264,477,-0.0673893146574538,475
"511","CD8 T","ACTR2","CD8 T","ADRB2",1,523,498,0.0849952898610638,509,0.474140195350918,628,-0.0714788523473684,487,-0.0606535296009592,468
"512","CD8 T","HLA-A","NK","CD3G",1,380.25,394,0.0847236139564366,510,0.812197752410316,223,-0.0274074455664217,438,0.0664096049066552,350
"513","NK","CD48","NK","CD2",1,445.5,522,0.0845880269830131,511,0.826305293665885,190,-0.153676625299715,548,-0.172362913615518,533
"514","CD8 T","IFNG","NK","IFNGR1",1,510.5,484,0.0845226615798031,512,0.483425219459622,623,-0.0435125173191158,451,-0.0475888992844179,456
"515","B","HLA-B","CD8 T","CANX",1,459,515,0.0844480386965786,513,0.826656935408814,187,-0.109965844693347,517,-0.406082964587832,619
"516","B","B2M","B","CD3G",1,453,514.5,0.0842710532581933,514,0.840977959641924,146,-0.107127141873867,515,-0.520491397388395,637
"517","CD8 T","B2M","NK","CD3G",1,365.25,399.5,0.0834859106305866,515,0.840351048565633,147,-0.0388072419641015,448,0.0662627514861233,351
"518","CD8 T","SELPLG","CD8 T","ITGB2",1,485.75,510.5,0.0833758385300308,516,0.7312880664043,404,-0.110108537595681,518,-0.130159528243129,505
"519","B","HLA-E","CD8 T","KLRC1",1,468,520.5,0.0832790467292425,517,0.799214745397518,260,-0.118061221868399,524,-0.261757268333739,571
"520","B","LGALS1","CD8 T","ITGB1",1,534.5,519.5,0.0826446361721081,518,0.630532431197227,515,-0.254400843140745,584,-0.155657856890926,521
"521","CD8 T","TGFB1","CD8 T","ITGB1",1,539.25,532.5,0.0824081465046202,519,0.534035259771156,597,-0.147769840432802,546,-0.0984399399935378,495
"522","CD8 T","HLA-C","NK","CD3G",1,409.5,451,0.0823808039748739,520,0.815059799862214,216,-0.0479797527583144,455,-0.0322357816553637,447
"523","CD8 T","GNAI2","B","S1PR4",1,489,487,0.0820199834271156,521,0.690793707650241,461,-0.0817636941051328,492,-0.0762534924362082,482
"524","CD8 T","HLA-B","NK","CD3G",1,430,470.5,0.0817596282506037,522,0.800391307275718,257,-0.0574939266723866,472,-0.0614020591685511,469
"525","B","HLA-B","B","CD3G",1,481.5,525,0.0815641173572562,523,0.800199987530136,258,-0.12320701343906,527,-0.400758806894866,618
"526","B","HLA-A","B","CD3G",1,476.5,527.5,0.0815242885922472,524,0.809244351632573,231,-0.129335021833832,531,-0.411361282238662,620
"527","CD8 T","GNAI2","CD8 T","S1PR4",1,491.75,490,0.0815048866260228,525,0.690120476968147,462,-0.0837204064805785,495,-0.0787548717849982,485
"528","B","HLA-C","B","CD3G",1,477.75,531,0.0814102803510771,526,0.814164946264649,220,-0.132285116515612,536,-0.467668122136021,629
"529","NK","CALM2","B","SELL",1,437.5,528.5,0.0812270001772135,527,0.840068616727889,148,-0.14623984237775,545,-0.166606691141134,530
"530","NK","PKM","B","CD44",1,481.5,515,0.0800854613159745,528,0.75679142243704,356,-0.13975507902716,540,-0.118647244014303,502
"531","CD8 T","GNAI2","NK","S1PR4",1,496.25,494.5,0.0794373932083264,529,0.687366427570493,467,-0.0888798045107742,500,-0.0887948979078826,489
"532","CD8 T","ICAM2","CD8 T","ITGB2",1,481.5,523.5,0.0787608290622204,530,0.7709606453919,324,-0.164579275610583,555,-0.151630300629264,517
"533","NK","HLA-B","CD8 T","KLRD1",1,316,300,0.0786441606489204,531,0.845823874921538,133,-0.030287189954244,441,0.262260618080228,159
"534","NK","CALM1","CD8 T","SELL",1,389,471.5,0.07842701326552,532,0.871696591515994,79,-0.131506433281547,534,0.000102670976119767,411
"535","NK","CD59","NK","CD2",1,500.25,496,0.0774586107080648,533,0.635966986805851,511,-0.0601285245097614,476,-0.0727626435436774,481
"536","CD8 T","TGFB1","CD8 T","CXCR4",1,385.25,359,0.0773954297387136,534,0.789054165272824,289,0.0189423883343335,375,0.0734739760510511,343
"537","NK","TIMP1","CD8 T","CD63",1,510.75,526.5,0.0770922001988486,535,0.706469172341451,441,-0.154370314901413,549,-0.152087896788033,518
"538","NK","CALM3","CD8 T","SELL",1,480,536.5,0.0769840957134882,536,0.793894967277388,276,-0.207083250893192,571,-0.184326107030221,537
"539","B","TGFB1","B","CXCR4",1,473.75,526.5,0.0769742026402915,537,0.78859962152013,290,-0.161711547166527,552,-0.147603418334454,516
"540","NK","HLA-E","CD8 T","KLRD1",1,380.75,411,0.0767374876976047,538,0.834300727904285,163,-0.0534446481112583,462,0.0562128791746851,360
"541","B","HLA-A","CD8 T","APLP2",1,500.25,540,0.076579084730916,539,0.784822450509259,299,-0.140705288112908,541,-0.423017039158423,622
"542","B","VIM","NK","CD44",1,427.25,488.5,0.0765281839510415,540,0.823572950250342,192,-0.103411471607916,510,-0.0546576518968725,467
"543","B","B2M","NK","CD3G",1,467.75,533,0.0757390327857584,541,0.833709706789921,166,-0.12038895921512,525,-0.537377198101066,639
"544","B","CALR","B","HLA-F",1,482.5,528.5,0.0754938098625539,542,0.771342236766389,320,-0.16237181389004,553,-0.146289907016556,515
"545","NK","B2M","CD8 T","KLRD1",1,315.25,323,0.0750413074879038,543,0.874398452848506,72,-0.0684009465852923,484,0.254328397919084,162
"546","CD8 T","CALM2","CD8 T","SELL",1,453,536,0.0738071551735867,544,0.833528350453268,167,-0.224321075933355,573,-0.163222005853582,528
"547","NK","GNAI2","B","CXCR3",1,497.25,497,0.0733219612286356,545,0.566540053299651,568,-0.0405743358503706,449,-0.0133256850190629,427
"548","B","HLA-B","NK","CD3G",1,496.75,542,0.0733061605357598,546,0.791529955254068,282,-0.136468830780314,538,-0.417644607607537,621
"549","B","HLA-A","NK","CD3G",1,491.5,544.5,0.0732703642329701,547,0.800869120462477,254,-0.142596839175085,542,-0.428247082951333,623
"550","B","HLA-C","NK","CD3G",1,491,545.5,0.0731678987530457,548,0.805953952637058,241,-0.145546933856866,543,-0.484553922848692,632
"551","CD8 T","HLA-E","CD8 T","KLRD1",1,421.5,481.5,0.0731302690013629,549,0.830945828086989,174,-0.100027271086886,506,-0.0481722273031993,457
"552","B","CALR","CD8 T","HLA-F",1,491.75,538.5,0.0729175880673677,550,0.768265910803669,331,-0.177291223234433,559,-0.160973641251597,527
"553","B","CALM2","CD8 T","SELL",1,458.25,543,0.072492158245225,551,0.832277354719128,171,-0.23055507104166,576,-0.176401785873397,535
"554","CD8 T","B2M","CD8 T","KLRD1",1,385,455.5,0.0723193782812267,552,0.872355535936838,77,-0.103257108211415,509,0.00948601555777573,402
"555","B","SPTAN1","B","PTPRA",1,539.25,516.5,0.0714210843992575,553,0.365131379896625,650,-0.0639686687472594,480,-0.0646109567018648,474
"556","B","ICAM2","B","ITGB2",1,508.75,553.5,0.0712229823792638,554,0.761957830326967,346,-0.249494178435927,582,-0.220068538885231,553
"557","CD8 T","HLA-B","CD8 T","KLRD1",1,433.25,513.5,0.0708239922033217,555,0.838870472490794,151,-0.1219437929197,526,-0.118178795096899,501
"558","B","SELPLG","B","SELL",1,488,478.5,0.070744150698841,556,0.707647038830326,439,-0.0612670916215042,479,-0.0690842778047416,478
"559","CD8 T","TIMP1","B","CD63",1,530,544.5,0.0698087473421575,557,0.696074799321167,452,-0.235376464944598,579,-0.167620595827233,532
"560","B","SELPLG","B","ITGAM",1,542.75,523,0.0687605704736743,558,0.441470914161369,640,-0.0690507035231447,485,-0.0887555603131294,488
"561","B","LGALS1","B","ITGB1",1,557.25,551,0.06815816566488,559,0.60781625293827,537,-0.280683760038815,590,-0.197478176695553,543
"562","B","CALR","NK","HLA-F",1,503.25,549.5,0.0680491486552831,560,0.762057966492447,345,-0.20678907928947,569,-0.188722366380787,539
"563","CD8 T","TGFB1","B","ITGB1",1,559.75,559.5,0.0679631293905221,561,0.509996773324355,610,-0.174052757330873,558,-0.140260259798165,510
"564","B","ICAM3","B","ITGB2",1,482.75,558.5,0.06756608994076,562,0.810555993431426,229,-0.256147582664269,585,-0.221916784168369,555
"565","NK","LRPAP1","B","SORL1",1,523.5,518,0.0675207884407938,563,0.53531468063049,595,-0.0535311937765111,463,-0.0636960145317464,473
"566","B","LGALS1","NK","PTPRC",1,459.5,533,0.066389168784208,564,0.819082629674179,208,-0.198930784119626,563,-0.123831581595817,503
"567","B","LGALS1","CD8 T","PTPRC",1,462,534.5,0.0659234776165079,565,0.818560481235685,209,-0.207024938411526,570,-0.128996306476643,504
"568","CD8 T","FYN","B","SPN",1,491.75,495,0.0658967176250845,566,0.57326282460413,567,-0.0198030849593083,424,0.000905943094131653,410
"569","B","CALM1","B","PTPRA",1,548.5,567.5,0.0658254457517084,567,0.689882547436028,465,-0.205978737596512,568,-0.305971077044843,594
"570","B","B2M","CD8 T","KLRD1",1,464.25,564,0.0656086724252696,568,0.86683459473956,86,-0.184838825462433,560,-0.594153934029413,643
"571","B","LGALS1","B","CD69",1,479.25,546.5,0.0652601414004914,569,0.802077515801774,249,-0.226047449813159,575,-0.1585343772859,524
"572","B","LGALS1","NK","CD69",1,479.25,547.5,0.06525904351877,570,0.802076180455864,250,-0.220366250073955,572,-0.158543678423009,525
"573","CD8 T","LRPAP1","B","SORL1",1,536.25,530.5,0.0648447436021828,571,0.530281515516733,600,-0.0765857067565867,490,-0.0765811097355016,484
"574","NK","CCL5","B","CXCR3",1,455.25,424,0.0642051558015187,572,0.732411887107032,401,-0.00923631654440661,412,-0.0190722100757391,436
"575","CD8 T","CALM1","CD8 T","SELL",1,461,571.5,0.063972726284688,573,0.8598672450241,103,-0.302693412969506,598,-0.260605560314987,570
"576","B","HLA-B","CD8 T","KLRD1",1,485.5,569.5,0.0635012053421581,574,0.831357425630467,173,-0.200918697027627,565,-0.474421343535884,630
"577","B","HLA-E","CD8 T","KLRD1",1,486.5,569.5,0.0631016014954326,575,0.820331831888797,202,-0.200083108991952,564,-0.338380172424041,605
"578","B","TGFB1","NK","CXCR4",1,513.5,574.5,0.0623384258476618,576,0.77048622403464,325,-0.244633975724732,580,-0.262949133872623,573
"579","B","GNAS","CD8 T","PTGDR",1,497.75,485,0.0620563436527279,577,0.628529340837688,517,-0.0344249087289639,444,-0.038008005600714,453
"580","NK","ICAM2","B","ITGB2",1,531.25,578.5,0.0612769693243055,578,0.748049710525832,373,-0.297355839826084,595,-0.269189492277834,579
"581","B","ANXA1","B","FPR1",1,609.5,607.5,0.0611087309336431,579,0.506836102749722,613,-0.509272586981629,644,-0.334528508914034,602
"582","NK","FYN","B","SPN",1,514,515,0.0603715529847841,580,0.562518764082929,574,-0.0480702807967866,456,-0.0316388977976407,446
"583","B","PKM","NK","CD44",1,527.25,559.5,0.0601442919979147,581,0.729481667750752,409,-0.224569559799137,574,-0.199713191066833,545
"584","NK","HLA-B","B","CD3D",1,370.5,410,0.0599438183161416,582,0.870765779907186,80,-0.248736679068632,581,0.158168158453583,239
"585","CD8 T","ICAM3","B","ITGB2",1,506,585,0.0597931178219231,583,0.800994097358458,252,-0.321874772401096,602,-0.283973214764626,587
"586","NK","HLA-C","B","CD3D",1,360,397.5,0.0596249663051531,584,0.880353568104144,61,-0.249586659791719,583,0.195911196181556,212
"587","NK","TIMP1","B","CD63",1,548.75,567,0.0595453901680277,585,0.678996791532623,475,-0.257888137814363,586,-0.215394082179818,549
"588","NK","ICAM3","B","ITGB2",1,509,587.5,0.0593656481449756,586,0.800421637305175,256,-0.328875512483946,605,-0.287385968848126,589
"589","CD8 T","SELPLG","CD8 T","SELL",1,558.75,586,0.0588625202131406,587,0.68827153829062,466,-0.302330500138219,597,-0.281391430368948,585
"590","NK","GNAS","CD8 T","PTGDR",1,519.75,510.5,0.0586903396813183,588,0.621996034225776,525,-0.0862768237568473,496,-0.0621103929765809,470
"591","CD8 T","CALM3","CD8 T","SELL",1,528.75,590.5,0.058190375540042,589,0.770055714044668,327,-0.333699739241861,607,-0.297072810100935,592
"592","NK","HLA-A","B","CD3D",1,406,483,0.0580104322624962,590,0.875355156791102,68,-0.274002308523829,587,0.0409589697221741,379
"593","CD8 T","LGALS1","CD8 T","CD69",1,513.25,584.5,0.0575285970641641,591,0.791877547794761,280,-0.327489342461184,604,-0.266998326026733,578
"594","CD8 T","SELPLG","B","ITGB2",1,558,589,0.0574022253327851,592,0.693073932436915,458,-0.301458104404978,596,-0.282547164231922,586
"595","NK","VIM","B","CD44",1,518.75,601.5,0.0573332972209812,593,0.801604986503933,251,-0.388487112000971,621,-0.362420080029437,610
"596","B","CALM3","CD8 T","SELL",1,534.25,595.5,0.0563006073072795,595,0.767119741853449,333,-0.355520186868539,613,-0.308409849061044,596
"597","CD8 T","HLA-A","B","CD3D",1,440.25,544.5,0.0559401838786685,596,0.873359102909498,73,-0.310306800928123,599,-0.0944595906483366,493
"598","B","SELPLG","CD8 T","ITGB2",1,543.5,556.5,0.0557310212989044,597,0.689922436569101,464,-0.201354943657055,566,-0.201430659003008,547
"599","CD8 T","LGALS1","B","PTPRC",1,513.5,600,0.0549394219864676,599,0.80463091664262,242,-0.355157461829795,612,-0.331248493663183,601
"600","B","GNAI2","B","CXCR3",1,556.25,563.5,0.0547950413465497,600,0.530491653874364,599,-0.124797590450945,528,-0.111772759663172,498
"601","CD8 T","IFNG","B","IFNGR1",1,565.5,560,0.0544197514772521,601,0.42886836631811,643,-0.110129571352335,519,-0.113245002034301,499
"602","CD8 T","HLA-C","B","CD3D",1,453.75,571,0.0543933043837879,602,0.875432024997056,67,-0.330879108120016,606,-0.193104977210355,540
"603","CD8 T","ICAM2","B","ITGB2",1,550.75,598,0.0542249042040894,603,0.736354398666199,393,-0.355928842419881,614,-0.304017936618056,593
"604","CD8 T","HLA-B","B","CD3D",1,464.75,580,0.0539831627170914,604,0.864757403309336,90,-0.340393282034088,609,-0.222271254723543,556
"605","NK","PKM","NK","CD44",1,546.5,577.5,0.0519957242133991,605,0.714879447889003,426,-0.276974681811324,588,-0.248682707939933,567
"606","NK","LTB","CD8 T","TNFRSF1A",1,582,609.5,0.0514020696222631,606,0.663114373865655,483,-0.411049901922616,626,-0.372460659134821,613
"607","CD8 T","TGFB1","B","CXCR4",1,531.25,576.5,0.0511005834834161,607,0.75243988555949,365,-0.279914948907619,589,-0.238684883634776,564
"608","NK","CD58","B","CD2",1,587.5,608,0.0503942977061442,608,0.480753195880698,626,-0.33451623353184,608,-0.136487159609424,508
"609","B","LRPAP1","B","SORL1",1,574.75,583,0.0503861132642778,609,0.498783591837894,619,-0.173729560335207,557,-0.146199086882893,514
"610","B","B2M","B","CD3D",1,483.25,617.5,0.0500079638128556,610,0.888824251561029,50,-0.403288314576822,625,-0.698246393656057,648
"611","B","CALM1","CD8 T","SELL",1,505.75,623,0.0490753390106017,611,0.843121266722351,139,-0.465189759559427,635,-0.529305876853333,638
"612","B","HLA-B","B","CD3D",1,496.75,620,0.0484016191981392,612,0.858247430175829,106,-0.419368186142015,628,-0.578513803162529,641
"613","B","HLA-A","B","CD3D",1,493.25,621,0.0483779840902074,613,0.865107107239319,89,-0.425496194536787,629,-0.589116278506325,642
"614","B","HLA-C","B","CD3D",1,493.75,622,0.0483103295424313,614,0.868820294116382,85,-0.428446289218567,630,-0.645423118403684,646
"615","NK","HLA-B","NK","CD3D",1,401.5,439,0.0459847398517615,615,0.855102844841727,113,-0.288359498067709,592,0.110817050488621,286
"616","NK","HLA-C","NK","CD3D",1,386,420,0.0457401387037466,616,0.865673397817991,88,-0.289209478790796,593,0.148560088216594,247
"617","NK","CALM2","CD8 T","SELL",1,538,621.5,0.045175765141998,617,0.796635166472719,267,-0.478549656955839,642,-0.45018497446522,626
"618","NK","HLA-A","NK","CD3D",1,434.75,509.5,0.0445015801664538,618,0.860159118364559,102,-0.313625127522906,600,-0.00639213824278784,419
"619","NK","B2M","NK","CD3D",1,395.75,452.5,0.0438780829306832,619,0.882197202053327,59,-0.326473254698758,603,0.102884830327477,302
"620","CD8 T","HLA-A","NK","CD3D",1,462.75,561.5,0.0429134291938754,620,0.857959203448746,108,-0.3499296199272,611,-0.141810698613299,512
"621","CD8 T","B2M","NK","CD3D",1,453,564.5,0.0422865190379394,621,0.880263762395401,62,-0.36132941632488,616,-0.141957552033831,513
"622","CD8 T","HLA-C","NK","CD3D",1,476.5,592,0.0417267705332782,622,0.860243861735463,100,-0.370501927119093,619,-0.240456085175317,565
"623","CD8 T","HLA-B","NK","CD3D",1,487.75,600,0.0414121382930373,623,0.84849296695027,128,-0.380016101033165,620,-0.269622362688505,580
"624","CD8 T","TGFB1","NK","CXCR4",1,563,613,0.0413843836634398,624,0.732280042281377,402,-0.362837377465824,617,-0.354030599172945,609
"625","CD8 T","GNAI2","B","CXCR3",1,587.5,593.5,0.0411176291449428,625,0.494634400919238,620,-0.204878857253346,567,-0.184450853405662,538
"626","B","LGALS1","CD8 T","CD69",1,557.75,620,0.0398487239451138,626,0.76000086621214,350,-0.477440821558486,641,-0.373817201739924,614
"627","CD8 T","GZMB","NK","PGRMC1",1,593.5,596.5,0.0394249984022802,627,0.585536302275654,554,-0.399295987881924,624,-0.257852884545946,569
"628","B","SELPLG","CD8 T","SELL",1,590.75,615,0.0393455517274846,628,0.643512007035788,505,-0.393576906199593,623,-0.352662561128827,607
"629","B","SELPLG","B","ITGB2",1,589.25,615,0.0383694449018788,629,0.648651951369691,498,-0.392704510466352,622,-0.353818294991801,608
"630","B","B2M","NK","CD3D",1,495.5,631,0.03836264140403,630,0.875035873282509,71,-0.442911133575899,632,-0.745597501621019,649
"631","B","LGALS1","B","PTPRC",1,554,628,0.0380552624636593,631,0.77415047157222,317,-0.505108940927096,643,-0.438067369376374,625
"632","NK","VIM","NK","CD44",1,562.25,632.5,0.0372238139302863,632,0.765017824074059,339,-0.525706714785135,645,-0.492455543955068,633
"633","B","HLA-B","NK","CD3D",1,513.5,633,0.0371303652278539,633,0.841343734104001,144,-0.458991005141092,633,-0.625864911127491,644
"634","B","HLA-A","NK","CD3D",1,509.75,634,0.0371122340123234,634,0.848877377134907,126,-0.465119013535864,634,-0.636467386471287,645
"635","B","HLA-C","NK","CD3D",1,509,635.5,0.0370603341356277,635,0.852961385615726,118,-0.468069108217644,636,-0.692774226368646,647
"636","CD8 T","GNAS","CD8 T","PTGDR",1,583.5,573.5,0.0369130368937071,636,0.566153351830863,569,-0.234306237182809,578,-0.218047519684351,551
"637","B","CCL5","CD8 T","CXCR3",1,595.25,626.5,0.0348187551254283,637,0.66839403704439,480,-0.638127462739912,648,-0.388489734751288,616
"638","CD8 T","CD59","B","CD2",1,601,608,0.0322880361111162,638,0.53005836263056,601,-0.359738080357626,615,-0.216217420559921,550
"639","NK","B2M","B","CD247",1,449.5,533,0.0289787375029129,639,0.862770522680236,93,-0.435456415426275,631,-0.0175835839512776,435
"640","B","TIMP1","CD8 T","CD63",1,600.25,609,0.0289580393584824,640,0.595974473209397,543,-0.366206484323535,618,-0.325144670292018,600
"641","CD8 T","B2M","B","CD247",1,487,605,0.0279276088029695,641,0.860568635231754,97,-0.470312577052397,638,-0.262425966312585,572
"642","B","CCL5","NK","CXCR3",1,606.5,634.5,0.0270838635150079,642,0.639990159145765,508,-0.717176079449788,649,-0.453761749632185,627
"643","CD8 T","CD48","B","CD2",1,549,570.5,0.0267123100341941,643,0.727768659724682,412,-0.348341709031944,610,-0.167575628461721,531
"644","B","B2M","B","CD247",1,513.75,645,0.0253361323219609,644,0.854622840990334,115,-0.551894294303416,646,-0.866065915899774,650
"645","B","CD48","B","CD2",1,568.25,601.5,0.0239037406377987,645,0.716625943167185,425,-0.411886516046165,627,-0.26547265129133,576
"646","B","TIMP1","B","CD63",1,617.25,626,0.0223669547328303,646,0.564535049803432,571,-0.469724307236484,637,-0.388450855683802,615
"647","B","CD59","B","CD2",1,628.75,635.5,0.0199289535986727,647,0.469816007001321,632,-0.471502875269833,639,-0.316431129264972,597
"648","NK","CD48","B","CD2",1,594.5,635.5,0.018994580945302,648,0.692715554834196,459,-0.567601345854904,647,-0.436588992268108,624
"649","NK","CD59","B","CD2",1,632.75,639,0.0173936419075059,649,0.452910615629863,638,-0.47405324506495,640,-0.336988722196267,604
"650","B","CCL5","B","CXCR3",1,631.75,645,0.012610139117639,650,0.548126287927035,587,-0.861253836944451,650,-0.575900391235685,640
